,bleu,preds,labels,train_nc_list
0,0.1335740711714213,"model: flan-t5-xl
learning_rate: 5e-05
num_train_epochs: 30.0
weight_decay: 0.001
per_device_train_batch_size: 1
gradient_accumulation_steps: 16",,
1,0.0,"['The hotel is very nice and the staff is very friendly. The casino is very nice and the hotel is very nice.', 'The Saint is a nice hotel, but the rooms are not worth the price.', ""I've been to the Bellagio twice and both times I've been blown away by the quality of the food. The food is always fresh and the service is always friendly. The only thing I don't like is the fact that the food isn't always hot. I've had the fried calamari and it was ok. The fried calamari was ok. The calamari was ok. The fried calamari was ok. The fried calamari was ok. The fried calamari was ok. The fried calamari was ok. The fried calamari was ok. The fried calamari was ok. The fried calamari was ok. The fried calamari was ok. The fried calamari was ok. The fried calamari was ok. The fried calamari was ok. The fried calamari was ok. The fried calamari was ok. The fried calamari was ok. The fried calamari was ok. The fried calamari was ok. The fried calamari was ok. The fried calamari was ok. The fried calamari was ok. The fried calamari was ok. The fried calamari was ok. The fried calamari was ok. The fried calamari was ok. The fried calamari was ok. The fried calamari was ok. The fried calamari was ok. The fried calamari was ok. The fried calamari was ok. The fried calamari was ok. The fried calamari was ok. The fried calamari was ok. The fried calamari was ok. The fried calamari was ok. The fried calamari was ok. The fried calamari was ok. The fried calamari was ok. The fried calamari was ok. The fried calamari"", 'The hotel is very nice and the staff is very friendly. The hotel is very close to the airport and the hotel is very clean.', 'The hotel is very nice and the staff is very friendly. The hotel is very close to the airport and the hotel is very close to the airport.', 'The hotel is very nice and the staff is very friendly. The hotel is very clean and the rooms are very nice. The hotel is very close to the strip and the strip malls. The hotel is very close to the strip malls and the strip malls.', 'The hotel is a bit pricey but the rooms are spacious and the staff is very friendly.', 'The hotel is very clean and the staff is very friendly. The hotel is in a great location and the staff is very helpful.', 'The hotel is a short walk from the Marina and the shops and restaurants of the Marina.', 'The hotel is very nice and the staff is very friendly.', 'The hotel is very clean and the staff is very friendly.', 'The hotel is very nice and the staff is very friendly. The hotel is very close to the airport and downtown.', 'The hotel is a bit dated, but the rooms are spacious and well appointed. The staff is friendly and helpful.', 'The hotel is a bit dated, but the staff is very friendly and helpful. The rooms are spacious and the beds are comfortable. The hotel is located in the middle of the city, so it is convenient to get to the airport and downtown.', 'The hotel is very nice and the staff is very friendly. The hotel is very close to the Philadelphia airport and the hotel is very close to the Philadelphia Convention Center.']","[['The hotel has a Casino/Gameroom.'], [''], ['The hotel is a casino. They have a good size arcade.'], [''], ['The hotel is across a big shopping complex that includes Costco, Target, Starbucks and a lot of other food options. State st is about 10 or so miles.'], ['The hotel has a live band at the Jack Daniels Saloon. They have a street party in the Delta wing.'], [''], [''], ['The hotel is one block from the Marina. The hotel has a jewelry chest with several necklaces and bracelets.'], ['The hotel has a huge casino area.'], ['Ihe hotel is located right near an Amtrak station. They have a little library sitting area with art books and photography books.'], ['The hotel has a shuttle to downtown.'], ['The hotel is right on the ocean. They have an explorer program for kids.'], ['The hotel has a private beach and a large docking area for your boat.'], [""For the New Year's Eve celebration a room at the hotel had a beautiful view of the Ben Franklin Bridge and the fireworks display.""]]","['gift shops', 'guitar picks', 'sweatshirts', 'magnets', 'portable chargers', 'waterbottles', 'backpacks', 'cowboy hats', 'flow rider', 'water slides', 'lazy river', 'playground', '3 trolley car lines', 'buses', 'french quarter', 'police station', '', 'airport', 'downtown', 'university area', 'pima air museum', 'baggins', '', '', 'gator tour', 'plantation tour', '', '', 'water park', 'inflatable water slides', 'fishing', 'volleyball net', 'balls', '', '', 'free doggy doo bags', '', '', '', 'nightly activities', 'loop rawlings', 'magician', 'critter show', 'country singer', 'horses', 'different rides', 'slow flat', 'fast flat', 'slow mountain', 'fast mountain', '1/2 day', 'full day', 'other activities', 'movie tour', 'gift shop', 'petting zoo', '', '', 'free gift', 'national register', '', '', '', '', 'coloring book', 'crayons', 'journal', '', '', '', 'club la douche', 'dock', 'hammocks', 'photo booth', ""valentine's candy"", 'binoculars', 'bike rentals', 'santa barbara', 'major attractions', 'saks', 'state st', 'events', 'face painters', 'santa clause', '', 'put put golf', 'oversized chess set', 'paddle boat', 'touch tank', 'konk children center', 'pet play zone', 'pirate island', 'water slide', 'shark riding', 'surfboard riding', 'beach access', 'beach volleyball', 'tennis court', 'water sports', 'live music', 'wawa', 'bowling alley', 'hair salon', 'trampoline park', '', '', 'pacific ocean', 'vip entrance', 'coral', 'pacific views', 'complimentary surfboard', 'private access gate', 'butterfly beach', 'nice beach', 'boards', 'skate', 'produce stand', 'eateries', 'wine tasting', 'state street', 'foot massages', 'salt cave', 'buddhist book', 'bike rentals', 'guitars', 'keyboards', 'banjo', '24 hr bar', 'st charles street car', 'garden district', 'super cool boutique', 'great nightlife', 'live music', 'beach access', 'nightclub', 'historic building', 'bus station', 'main casinos', 'poetry readings', 'parties', 'folk festival', 'art show', '', 'broadway', 'downtown', 'amazing black woman', 'keyboard organ singing gospel hymns', 'metrolink', 'the hill italian', 'convention center', 'fedex store', 'indoor lush tropical gardens', 'rivers', 'ponds', 'waterfalls', '', 'airport', 'other hotels', 'bourbon street', 'bars', 'parakeets', 'cute little sweatshirt', 'fabulous small bookstore', 'barrio books', 'first run movie theater', 'hair salon', 'florist', '', '', '', 'activities', 'starbucks', 'gift shop', 'doggie treats', 'pet friendly', 'daily showings', 'cinema', 'hobbit', 'live comedy shows', 'concerts', 'lounge w dj', 'dance floo', 'mechanical bull', 'daily fitness classes', 'outside activities', 'go karting', 'bungee gliding', 'driving range', 'golf putting lake', 'adult activities', 'surfing', 'kayaking', 'hiking', 'biking', 'nights out on the town', 'karaoke', 'trivia night', 'babysitting', 'professional photographer', 'cd', '', '', 'cute red parrat', 'beautiful beach', 'hiking', 'biking', 'painting', 'photography', 'seminars', 'classes', 'great events', 'ranger station', 'tortoise', 'snakes', 'spiders', 'scorpions', 'water slide', 'outdoor activities', 'games', 'on call babysitters', 'bird book', 'a pair of binoculars', 'carrillo', 'finch&fork', 'spectrum athletic club', '', 'adorable pink flamingos', 'chicken coop', 'hens', 'historic register', 'beach area', '', '', 'cute shopping stores', 'horsebarn', 'horses', 'pony', 'goats', 'sheep', 'dogs', 'animals', 'airport', 'indy downtown', 'tesla test drive campaign', '', 'santa', 'face painter/balloon lady', '', '', '', '', '', '', '', 'great events', 'block party', 'best haircuts', 'sunset', 'telescope', 'native american flute player', '', 'local favorite spot', ""john's village"", 'beach access', 'beach', 'ping pong room', 'dance', 'sing', 'downtown santa barbara', 'isla vista', 'caje', 'freebirds', 'woodstock', ""dublin's"", ""sam's"", 'activities', 'family carnival', '3 legged races', 'pie-eating contest', 'water balloon contest', 'temporary tattoos', 'hula hoop', 'limbo contests', 'hermit crab races', 'casino night', 'campfire sing-along', 'karaoke night', 'farewell show', 'other daytime activities', 'tennis', 'yoga', 'golf', 'wine country tours', 'softball game', 'babysitter', ""alice's adventure in wonderland"", 'museums', 'historical sites', 'restaurants', '', 'beach', 'kayaks', 'mangrooves', ""hook's"", '', '', 'great restaurant choices', 'national world war ii museum', 'audubon zoo', 'magazine street', 'canal street', 'trolley line', ""harrah's casino"", 'river', 'the french quarter', 'ruby slippers', 'hiking', 'golf', 'tucson', '10-fwy', 'tombstone', 'nogales mexico', '19-fwy', '', 'river', 'boat tours', 'plants', 'fountains', 'lovely trails', 'koi ponds', 'pretty spectacular christmas presentation', 'casino', 'good babysitter', 'games', 'new game', 'electric helicopters', 'remote control cars', 'prizes', '', '', '', 'fultron alley', 'great family bowling', 'barcadia', ""old school 80's video games"", 'other cool games', 'pretty fun waterslide', 'driving range', 'putting greens', 'mountain bikes', 'helmets', 'nightly activities', 'nightly stargazing', 'dive in movie', 'frozen', '', '', '', '', 'coloring book', 'crayons', 'st. pete beach', 'shuffleboard', 'games', 'toys', 'mini-mini golf course', 'library', 'publix', ""walgreen's"", 'dock', 'fishing gear', 'hikes', 'scavenger hunts', 'ranger wildlife lessons', 'bocce ball', 'mini golf', 'ping pong', 'arcade', 'mini museum', 'tortoise', 'great coffee shop', 'stores', 'restaurants', 'bars', 'corn-hole', 'ping pong', 'jets', 'cool little area', 'atm', 'nice hotel store', 'sheep', 'goats', 'beach', 'huge water slide', 'paddle boats', 'free mini golf', 'chess', 'big trampoline', '', '', '', 'campaign', '', 'rays', 'opry mills mall', 'grand ole opry', 'free shuttle', 'shuttle', 'events', 'comedian', 'live band', 'doggy daycare cam', '', '', 'various museums', 'national world war two museum', 'french quarter', 'business district', 'garden district', 'city park', 'layette square', 'other nawlins attractions', '', 'museum', 'admission', 'broadway', 'honky tonks', 'wild horse saloon', '', '']"
2,0.10097211800780871,"['This hotel has a TV shows are $4.99 and they have commercials.', 'The hotel has a petting zoo on the property.', 'The hotel has a limited number of connecting rooms.', 'The hotel has a Gold Status reception.', 'The hotel has a huge selection of breakfast options.', 'The hotel is on the national register of historic places.', 'This hotel is located in St. Louis.', 'The hotel is located in the French Quarter.', 'The hotel has a whole lot of patience for a 16 month old that thinks every sphere shaped object is a bouncy ball.', 'This hotel is one of the best hotels I have ever stayed at. Clean, clean, nice pool and grand entrance.', 'The hotel has a waffle iron, eggs, cereal, toast, bagels, fruit, juice, milk, yogurt, and coffee.', '', 'The hotel has a courtesy room with the understanding that upon my return, I would get the suite I booked.', 'This hotel has a king sized bed in their room and it was spacious and beautiful plantation shutters over their windows.', 'The hotel has a self check-in machine, which frequently has issues that force you to stand in a cattle line... forever.']","[[''], ['The hotel has nightly activities including Loop Rawlings, a magician, a critter show, and a country singer. They have horses. They offer many different rides each day- slow flat, fast flat, slow mountain, fast mountain, 1/2 day, full day. They also had other activities during the day. Customers did the Movie tour. They have a gift shop. There is a petting zoo on the property.'], [''], [''], [""If you're Hilton Honors, you get a free gift at check in.""], ['The hotel is on the national register of historic places.'], [''], [''], [''], [''], ['The hotel employee brought a coloring book, crayons for the youngest, and a journal for the oldest child of a customer.'], [''], [''], [''], ['The hotel has a Club La Douche event.']]","['gift shops', 'guitar picks', 'sweatshirts', 'magnets', 'portable chargers', 'waterbottles', 'backpacks', 'cowboy hats', 'flow rider', 'water slides', 'lazy river', 'playground', '3 trolley car lines', 'buses', 'french quarter', 'police station', '', 'airport', 'downtown', 'university area', 'pima air museum', 'baggins', '', '', 'gator tour', 'plantation tour', '', '', 'water park', 'inflatable water slides', 'fishing', 'volleyball net', 'balls', '', '', 'free doggy doo bags', '', '', 'casino/gameroom', '', 'casino', 'good size arcade', '', 'small farmers market', 'nice hike', 'big shopping complex', 'costco', 'target', 'starbucks', 'other food options', 'state st', 'live band', 'jack daniels saloon', 'street party', '', '', 'marina', 'jewelry chest', 'necklaces', 'bracelets', 'casino area', 'amtrak station', 'little library sitting area', 'art books', 'photography books', 'shuttle', 'riverside bike path', 'jogging/fishing/blackberry picking', 'ocean', 'explorer program', 'private beach', 'large docking area', 'ben franklin bridge', 'fireworks display', 'dock', 'hammocks', 'photo booth', ""valentine's candy"", 'binoculars', 'bike rentals', 'santa barbara', 'major attractions', 'saks', 'state st', 'events', 'face painters', 'santa clause', '', 'put put golf', 'oversized chess set', 'paddle boat', 'touch tank', 'konk children center', 'pet play zone', 'pirate island', 'water slide', 'shark riding', 'surfboard riding', 'beach access', 'beach volleyball', 'tennis court', 'water sports', 'live music', 'wawa', 'bowling alley', 'hair salon', 'trampoline park', '', '', 'pacific ocean', 'vip entrance', 'coral', 'pacific views', 'complimentary surfboard', 'private access gate', 'butterfly beach', 'nice beach', 'boards', 'skate', 'produce stand', 'eateries', 'wine tasting', 'state street', 'foot massages', 'salt cave', 'buddhist book', 'bike rentals', 'guitars', 'keyboards', 'banjo', '24 hr bar', 'st charles street car', 'garden district', 'super cool boutique', 'great nightlife', 'live music', 'beach access', 'nightclub', 'historic building', 'bus station', 'main casinos', 'poetry readings', 'parties', 'folk festival', 'art show', '', 'broadway', 'downtown', 'amazing black woman', 'keyboard organ singing gospel hymns', 'metrolink', 'the hill italian', 'convention center', 'fedex store', 'indoor lush tropical gardens', 'rivers', 'ponds', 'waterfalls', '', 'airport', 'other hotels', 'bourbon street', 'bars', 'parakeets', 'cute little sweatshirt', 'fabulous small bookstore', 'barrio books', 'first run movie theater', 'hair salon', 'florist', '', '', '', 'activities', 'starbucks', 'gift shop', 'doggie treats', 'pet friendly', 'daily showings', 'cinema', 'hobbit', 'live comedy shows', 'concerts', 'lounge w dj', 'dance floo', 'mechanical bull', 'daily fitness classes', 'outside activities', 'go karting', 'bungee gliding', 'driving range', 'golf putting lake', 'adult activities', 'surfing', 'kayaking', 'hiking', 'biking', 'nights out on the town', 'karaoke', 'trivia night', 'babysitting', 'professional photographer', 'cd', '', '', 'cute red parrat', 'beautiful beach', 'hiking', 'biking', 'painting', 'photography', 'seminars', 'classes', 'great events', 'ranger station', 'tortoise', 'snakes', 'spiders', 'scorpions', 'water slide', 'outdoor activities', 'games', 'on call babysitters', 'bird book', 'a pair of binoculars', 'carrillo', 'finch&fork', 'spectrum athletic club', '', 'adorable pink flamingos', 'chicken coop', 'hens', 'historic register', 'beach area', '', '', 'cute shopping stores', 'horsebarn', 'horses', 'pony', 'goats', 'sheep', 'dogs', 'animals', 'airport', 'indy downtown', 'tesla test drive campaign', '', 'santa', 'face painter/balloon lady', '', '', '', '', '', '', '', 'great events', 'block party', 'best haircuts', 'sunset', 'telescope', 'native american flute player', '', 'local favorite spot', ""john's village"", 'beach access', 'beach', 'ping pong room', 'dance', 'sing', 'downtown santa barbara', 'isla vista', 'caje', 'freebirds', 'woodstock', ""dublin's"", ""sam's"", 'activities', 'family carnival', '3 legged races', 'pie-eating contest', 'water balloon contest', 'temporary tattoos', 'hula hoop', 'limbo contests', 'hermit crab races', 'casino night', 'campfire sing-along', 'karaoke night', 'farewell show', 'other daytime activities', 'tennis', 'yoga', 'golf', 'wine country tours', 'softball game', 'babysitter', ""alice's adventure in wonderland"", 'museums', 'historical sites', 'restaurants', '', 'beach', 'kayaks', 'mangrooves', ""hook's"", '', '', 'great restaurant choices', 'national world war ii museum', 'audubon zoo', 'magazine street', 'canal street', 'trolley line', ""harrah's casino"", 'river', 'the french quarter', 'ruby slippers', 'hiking', 'golf', 'tucson', '10-fwy', 'tombstone', 'nogales mexico', '19-fwy', '', 'river', 'boat tours', 'plants', 'fountains', 'lovely trails', 'koi ponds', 'pretty spectacular christmas presentation', 'casino', 'good babysitter', 'games', 'new game', 'electric helicopters', 'remote control cars', 'prizes', '', '', '', 'fultron alley', 'great family bowling', 'barcadia', ""old school 80's video games"", 'other cool games', 'pretty fun waterslide', 'driving range', 'putting greens', 'mountain bikes', 'helmets', 'nightly activities', 'nightly stargazing', 'dive in movie', 'frozen', '', '', '', '', 'coloring book', 'crayons', 'st. pete beach', 'shuffleboard', 'games', 'toys', 'mini-mini golf course', 'library', 'publix', ""walgreen's"", 'dock', 'fishing gear', 'hikes', 'scavenger hunts', 'ranger wildlife lessons', 'bocce ball', 'mini golf', 'ping pong', 'arcade', 'mini museum', 'tortoise', 'great coffee shop', 'stores', 'restaurants', 'bars', 'corn-hole', 'ping pong', 'jets', 'cool little area', 'atm', 'nice hotel store', 'sheep', 'goats', 'beach', 'huge water slide', 'paddle boats', 'free mini golf', 'chess', 'big trampoline', '', '', '', 'campaign', '', 'rays', 'opry mills mall', 'grand ole opry', 'free shuttle', 'shuttle', 'events', 'comedian', 'live band', 'doggy daycare cam', '', '', 'various museums', 'national world war two museum', 'french quarter', 'business district', 'garden district', 'city park', 'layette square', 'other nawlins attractions', '', 'museum', 'admission', 'broadway', 'honky tonks', 'wild horse saloon', '', '']"
3,0.0791799847145434,"['', '', '', '', 'The resort has several sections and building. They even have 5 bar and 5 tapas deal too. They even have 5 bar and 5 tapas deal too. They even have 5 bar and 5 tapas deal too. They even have 5 bar and 5 tapas deal too. They even have 5 bar and 5 tapas deal too. They even have 5 bar and 5 tapas deal too. They even have 5 bar and 5 tapas deal too. They even have 5 bar and 5 tapas deal too. They even have 5 bar and 5 tapas deal too. They even have 5 bar and 5 tapas deal too. They even have 5 bar and 5 tapas deal too. They even have 5 bar and 5 tapas deal too. They even have 5 bar and 5 tapas deal too. They even have 5 bar and 5 tapas deal too. They even have 5 bar and 5 tapas deal too. They even have 5 bar and 5 tapas deal too. They even have 5 bar and 5 tapas deal too. They even have 5 bar and 5 tapas deal too. They even have 5 bar and 5 tapas deal too. They even have 5 bar and 5 tapas deal too. They even have 5 bar and 5 tapas deal too. They even have 5 bar and 5 tapas deal too. They even have 5 bar and 5 tapas deal too. They even have 5 bar and 5 tapas deal too. They even have 5 bar and 5 tapas deal too. They even have live music at daytime next to the pool. They even have live music at daytime next to the pool. They even have live music at daytime next to the pool. They even have live music at daytime next to the pool. They even have live music at daytime next to the pool. They even have live music at daytime next to the pool. They even have live music at daytime next to the pool. They even have live music at daytime next to the pool. They even have live music at daytime next to the pool. They even have live music at daytime next to the pool.', '', '', '', 'The hotel is close proximity the Pacific Ocean and its VIP entrance during hotel stay to Coral. Here you can workout, spa, swim in Olympic size pool, dive, jacuzzi with Pacific views, grab a complimentary surfboard and use private access gate to access Butterfly Beach.', '', '', '', '', 'The hotel is a historic building right near downtown Reno. It’s not in the best part of town, but it’s part of an effort being made to make 4th St fun and interesting again. It’s only a block away from the bus station and only a couple blocks from the main casinos.', '']","[[""The hotel has a dock and hammocks. They had a photo booth and Valentine's candy for Valentine's Day evening.""], ['The hotel offers binoculars for bird watching. They have bike rentals and a 360 degree view of Santa Barbara. They are in close proximity to all the major attractions, located across from Saks, and half a block from State St.'], ['The hotel had events. They had face painters and Santa clause.'], [''], ['The hotel has amenities that include put put golf, oversized chess set, paddle boat, touch tank, konk children center, pet play zone, pirate island, water slide, shark riding, surfboard riding, beach access, beach volleyball, tennis court, water sports. They also have live music.'], ['Less then a two minute drive or five minute walk to Wawa, there is also a bowling alley, hair salon, and trampoline park within the same parking lot.'], [''], [''], ['The hotel is in close proximity to the Pacific Ocean and has a VIP entrance to Coral. They offer Pacific views. Customers can grab a complimentary surfboard and use a private access gate to access Butterfly Beach.'], [""It is a five minute walk from the hotel to a nice beach where you can rent boards or skate down the path. Customers drove down to State street for drinks and apps, foot massages and Salt Cave. A customer's room had a Buddhist book.""], ['The hotel has bike rentals. They have guitars, keyboards and even a banjo. The hotel is close to a 24 hr bar, the St Charles street car which goes right into the heart of the Garden District and beyond.'], ['The hotel has a boutique by the lobby with unique stuff.'], ['The hotel has nightlife. On a Thursday night, they had an outside stage with live music of mostly country and right near beach access with a bar and deck. They also have a proper nightclub that plays hip-hop and an electronic music.'], [""The hotel is in a historic building. It's only a block away from the bus station and only a couple blocks from the main casinos. A customer attended several poetry readings, parties, a folk festival, and an art show at the hotel.""], ['']]","['gift shops', 'guitar picks', 'sweatshirts', 'magnets', 'portable chargers', 'waterbottles', 'backpacks', 'cowboy hats', 'flow rider', 'water slides', 'lazy river', 'playground', '3 trolley car lines', 'buses', 'french quarter', 'police station', '', 'airport', 'downtown', 'university area', 'pima air museum', 'baggins', '', '', 'gator tour', 'plantation tour', '', '', 'water park', 'inflatable water slides', 'fishing', 'volleyball net', 'balls', '', '', 'free doggy doo bags', '', '', 'casino/gameroom', '', 'casino', 'good size arcade', '', 'small farmers market', 'nice hike', 'big shopping complex', 'costco', 'target', 'starbucks', 'other food options', 'state st', 'live band', 'jack daniels saloon', 'street party', '', '', 'marina', 'jewelry chest', 'necklaces', 'bracelets', 'casino area', 'amtrak station', 'little library sitting area', 'art books', 'photography books', 'shuttle', 'riverside bike path', 'jogging/fishing/blackberry picking', 'ocean', 'explorer program', 'private beach', 'large docking area', 'ben franklin bridge', 'fireworks display', '', 'nightly activities', 'loop rawlings', 'magician', 'critter show', 'country singer', 'horses', 'different rides', 'slow flat', 'fast flat', 'slow mountain', 'fast mountain', '1/2 day', 'full day', 'other activities', 'movie tour', 'gift shop', 'petting zoo', '', '', 'free gift', 'national register', '', '', '', '', 'coloring book', 'crayons', 'journal', '', '', '', 'club la douche', 'broadway', 'downtown', 'amazing black woman', 'keyboard organ singing gospel hymns', 'metrolink', 'the hill italian', 'convention center', 'fedex store', 'indoor lush tropical gardens', 'rivers', 'ponds', 'waterfalls', '', 'airport', 'other hotels', 'bourbon street', 'bars', 'parakeets', 'cute little sweatshirt', 'fabulous small bookstore', 'barrio books', 'first run movie theater', 'hair salon', 'florist', '', '', '', 'activities', 'starbucks', 'gift shop', 'doggie treats', 'pet friendly', 'daily showings', 'cinema', 'hobbit', 'live comedy shows', 'concerts', 'lounge w dj', 'dance floo', 'mechanical bull', 'daily fitness classes', 'outside activities', 'go karting', 'bungee gliding', 'driving range', 'golf putting lake', 'adult activities', 'surfing', 'kayaking', 'hiking', 'biking', 'nights out on the town', 'karaoke', 'trivia night', 'babysitting', 'professional photographer', 'cd', '', '', 'cute red parrat', 'beautiful beach', 'hiking', 'biking', 'painting', 'photography', 'seminars', 'classes', 'great events', 'ranger station', 'tortoise', 'snakes', 'spiders', 'scorpions', 'water slide', 'outdoor activities', 'games', 'on call babysitters', 'bird book', 'a pair of binoculars', 'carrillo', 'finch&fork', 'spectrum athletic club', '', 'adorable pink flamingos', 'chicken coop', 'hens', 'historic register', 'beach area', '', '', 'cute shopping stores', 'horsebarn', 'horses', 'pony', 'goats', 'sheep', 'dogs', 'animals', 'airport', 'indy downtown', 'tesla test drive campaign', '', 'santa', 'face painter/balloon lady', '', '', '', '', '', '', '', 'great events', 'block party', 'best haircuts', 'sunset', 'telescope', 'native american flute player', '', 'local favorite spot', ""john's village"", 'beach access', 'beach', 'ping pong room', 'dance', 'sing', 'downtown santa barbara', 'isla vista', 'caje', 'freebirds', 'woodstock', ""dublin's"", ""sam's"", 'activities', 'family carnival', '3 legged races', 'pie-eating contest', 'water balloon contest', 'temporary tattoos', 'hula hoop', 'limbo contests', 'hermit crab races', 'casino night', 'campfire sing-along', 'karaoke night', 'farewell show', 'other daytime activities', 'tennis', 'yoga', 'golf', 'wine country tours', 'softball game', 'babysitter', ""alice's adventure in wonderland"", 'museums', 'historical sites', 'restaurants', '', 'beach', 'kayaks', 'mangrooves', ""hook's"", '', '', 'great restaurant choices', 'national world war ii museum', 'audubon zoo', 'magazine street', 'canal street', 'trolley line', ""harrah's casino"", 'river', 'the french quarter', 'ruby slippers', 'hiking', 'golf', 'tucson', '10-fwy', 'tombstone', 'nogales mexico', '19-fwy', '', 'river', 'boat tours', 'plants', 'fountains', 'lovely trails', 'koi ponds', 'pretty spectacular christmas presentation', 'casino', 'good babysitter', 'games', 'new game', 'electric helicopters', 'remote control cars', 'prizes', '', '', '', 'fultron alley', 'great family bowling', 'barcadia', ""old school 80's video games"", 'other cool games', 'pretty fun waterslide', 'driving range', 'putting greens', 'mountain bikes', 'helmets', 'nightly activities', 'nightly stargazing', 'dive in movie', 'frozen', '', '', '', '', 'coloring book', 'crayons', 'st. pete beach', 'shuffleboard', 'games', 'toys', 'mini-mini golf course', 'library', 'publix', ""walgreen's"", 'dock', 'fishing gear', 'hikes', 'scavenger hunts', 'ranger wildlife lessons', 'bocce ball', 'mini golf', 'ping pong', 'arcade', 'mini museum', 'tortoise', 'great coffee shop', 'stores', 'restaurants', 'bars', 'corn-hole', 'ping pong', 'jets', 'cool little area', 'atm', 'nice hotel store', 'sheep', 'goats', 'beach', 'huge water slide', 'paddle boats', 'free mini golf', 'chess', 'big trampoline', '', '', '', 'campaign', '', 'rays', 'opry mills mall', 'grand ole opry', 'free shuttle', 'shuttle', 'events', 'comedian', 'live band', 'doggy daycare cam', '', '', 'various museums', 'national world war two museum', 'french quarter', 'business district', 'garden district', 'city park', 'layette square', 'other nawlins attractions', '', 'museum', 'admission', 'broadway', 'honky tonks', 'wild horse saloon', '', '']"
4,0.0007339727976197329,"['', '', '', '', '', '', '', '', '', '', '', '', '', '', 'The resort has a wide variety of fun things for adults, surfing, kayaking, hiking, biking, nights out on the town, fun evening activities like karaoke, trivia night, etc. They have a babysitting service.']","[['The hotel is a 3min downhill jaunt to Broadway and downtown. On Sunday night the hotel had this amazing black woman in the lobby on a keyboard organ singing gospel hymns.'], ['The location is far from MetroLink and close to The Hill Italian neighborhood.'], ['The convention center is across the street. The hotel has a FedEx store on the second floor.'], ['The hotel is covered in indoor lush tropical gardens, rivers, ponds with koi, and several waterfalls.'], [''], ['The hotel is 5 minutes from the airport, and there are several other hotels right on the same block.'], ['The hotel is located on a not-so-far end of Bourbon Street, within hopping distance of at least five bars and walking distance of many more. The hotel has a gated courtyard with parakeets and garden seating.'], ['A customer purchased a little sweatshirt.'], ['The hotel features a fabulous small bookstore called Barrio Books.'], ['The hotel has a first run movie theater, Hair salon, and florist.'], [''], [''], [''], [""The hotel has activities. There's a starbucks, gift shop that sells doggie treats. They are pet friendly. There are daily showings at the cinema. A customer saw the hobbit movie. There are live comedy shows and concerts, lounge w dj and dance floor, mechanical bull, DAILY FITNESS CLASSES. They have outside activities too like go karting, bungee gliding, driving range with floating targets on a lake. A customer's room had a view of the golf putting lake.""], ['The hotel is on the ocean of Santa Barbara. The hotel has a wide variety of fun things for adults, surfing, kayaking, hiking, biking, nights out on the town, fun evening activities like karaoke, trivia night, etc. There are counselors happy to watch your kids. One of the counselors is a professional photographer all week. Customers can buy a CD of photos.']]","['gift shops', 'guitar picks', 'sweatshirts', 'magnets', 'portable chargers', 'waterbottles', 'backpacks', 'cowboy hats', 'flow rider', 'water slides', 'lazy river', 'playground', '3 trolley car lines', 'buses', 'french quarter', 'police station', '', 'airport', 'downtown', 'university area', 'pima air museum', 'baggins', '', '', 'gator tour', 'plantation tour', '', '', 'water park', 'inflatable water slides', 'fishing', 'volleyball net', 'balls', '', '', 'free doggy doo bags', '', '', 'casino/gameroom', '', 'casino', 'good size arcade', '', 'small farmers market', 'nice hike', 'big shopping complex', 'costco', 'target', 'starbucks', 'other food options', 'state st', 'live band', 'jack daniels saloon', 'street party', '', '', 'marina', 'jewelry chest', 'necklaces', 'bracelets', 'casino area', 'amtrak station', 'little library sitting area', 'art books', 'photography books', 'shuttle', 'riverside bike path', 'jogging/fishing/blackberry picking', 'ocean', 'explorer program', 'private beach', 'large docking area', 'ben franklin bridge', 'fireworks display', '', 'nightly activities', 'loop rawlings', 'magician', 'critter show', 'country singer', 'horses', 'different rides', 'slow flat', 'fast flat', 'slow mountain', 'fast mountain', '1/2 day', 'full day', 'other activities', 'movie tour', 'gift shop', 'petting zoo', '', '', 'free gift', 'national register', '', '', '', '', 'coloring book', 'crayons', 'journal', '', '', '', 'club la douche', 'dock', 'hammocks', 'photo booth', ""valentine's candy"", 'binoculars', 'bike rentals', 'santa barbara', 'major attractions', 'saks', 'state st', 'events', 'face painters', 'santa clause', '', 'put put golf', 'oversized chess set', 'paddle boat', 'touch tank', 'konk children center', 'pet play zone', 'pirate island', 'water slide', 'shark riding', 'surfboard riding', 'beach access', 'beach volleyball', 'tennis court', 'water sports', 'live music', 'wawa', 'bowling alley', 'hair salon', 'trampoline park', '', '', 'pacific ocean', 'vip entrance', 'coral', 'pacific views', 'complimentary surfboard', 'private access gate', 'butterfly beach', 'nice beach', 'boards', 'skate', 'produce stand', 'eateries', 'wine tasting', 'state street', 'foot massages', 'salt cave', 'buddhist book', 'bike rentals', 'guitars', 'keyboards', 'banjo', '24 hr bar', 'st charles street car', 'garden district', 'super cool boutique', 'great nightlife', 'live music', 'beach access', 'nightclub', 'historic building', 'bus station', 'main casinos', 'poetry readings', 'parties', 'folk festival', 'art show', '', '', '', 'cute red parrat', 'beautiful beach', 'hiking', 'biking', 'painting', 'photography', 'seminars', 'classes', 'great events', 'ranger station', 'tortoise', 'snakes', 'spiders', 'scorpions', 'water slide', 'outdoor activities', 'games', 'on call babysitters', 'bird book', 'a pair of binoculars', 'carrillo', 'finch&fork', 'spectrum athletic club', '', 'adorable pink flamingos', 'chicken coop', 'hens', 'historic register', 'beach area', '', '', 'cute shopping stores', 'horsebarn', 'horses', 'pony', 'goats', 'sheep', 'dogs', 'animals', 'airport', 'indy downtown', 'tesla test drive campaign', '', 'santa', 'face painter/balloon lady', '', '', '', '', '', '', '', 'great events', 'block party', 'best haircuts', 'sunset', 'telescope', 'native american flute player', '', 'local favorite spot', ""john's village"", 'beach access', 'beach', 'ping pong room', 'dance', 'sing', 'downtown santa barbara', 'isla vista', 'caje', 'freebirds', 'woodstock', ""dublin's"", ""sam's"", 'activities', 'family carnival', '3 legged races', 'pie-eating contest', 'water balloon contest', 'temporary tattoos', 'hula hoop', 'limbo contests', 'hermit crab races', 'casino night', 'campfire sing-along', 'karaoke night', 'farewell show', 'other daytime activities', 'tennis', 'yoga', 'golf', 'wine country tours', 'softball game', 'babysitter', ""alice's adventure in wonderland"", 'museums', 'historical sites', 'restaurants', '', 'beach', 'kayaks', 'mangrooves', ""hook's"", '', '', 'great restaurant choices', 'national world war ii museum', 'audubon zoo', 'magazine street', 'canal street', 'trolley line', ""harrah's casino"", 'river', 'the french quarter', 'ruby slippers', 'hiking', 'golf', 'tucson', '10-fwy', 'tombstone', 'nogales mexico', '19-fwy', '', 'river', 'boat tours', 'plants', 'fountains', 'lovely trails', 'koi ponds', 'pretty spectacular christmas presentation', 'casino', 'good babysitter', 'games', 'new game', 'electric helicopters', 'remote control cars', 'prizes', '', '', '', 'fultron alley', 'great family bowling', 'barcadia', ""old school 80's video games"", 'other cool games', 'pretty fun waterslide', 'driving range', 'putting greens', 'mountain bikes', 'helmets', 'nightly activities', 'nightly stargazing', 'dive in movie', 'frozen', '', '', '', '', 'coloring book', 'crayons', 'st. pete beach', 'shuffleboard', 'games', 'toys', 'mini-mini golf course', 'library', 'publix', ""walgreen's"", 'dock', 'fishing gear', 'hikes', 'scavenger hunts', 'ranger wildlife lessons', 'bocce ball', 'mini golf', 'ping pong', 'arcade', 'mini museum', 'tortoise', 'great coffee shop', 'stores', 'restaurants', 'bars', 'corn-hole', 'ping pong', 'jets', 'cool little area', 'atm', 'nice hotel store', 'sheep', 'goats', 'beach', 'huge water slide', 'paddle boats', 'free mini golf', 'chess', 'big trampoline', '', '', '', 'campaign', '', 'rays', 'opry mills mall', 'grand ole opry', 'free shuttle', 'shuttle', 'events', 'comedian', 'live band', 'doggy daycare cam', '', '', 'various museums', 'national world war two museum', 'french quarter', 'business district', 'garden district', 'city park', 'layette square', 'other nawlins attractions', '', 'museum', 'admission', 'broadway', 'honky tonks', 'wild horse saloon', '', '']"
5,0.32933094756605963,"['', '', 'The hotel is right in the middle of a lot of cool stuff and just a 10 minute walk in ANY direction lead us to Bourbon Street.', '', 'The hotel has hiking, biking, swimming, painting, photography, seminars & classes.', ""The hotel has events for kids. Ranger station onsite had tortoise, snakes, spiders, scorpions. In the evenings they had s'mores."", '', 'The hotel is in the middle of State St. They have a bird book and a pair of binoculars in every room to bird (or people) watch from the balcony.', '', 'The hotel has a flock of adorable pink flamingos.', 'The hotel has a bar and beach area in Clearwater with an hourly shuttle.', '', '', '', 'The hotel has a horse barn.']","[[''], [''], ['The hotel has a red parrot who says ""Hello"".'], ['The hotel is near the beach away from the big crowds.'], ['The hotel has hiking, biking, painting, photography, seminars & classes.'], ['The hotel has events for the kids. Ranger station onsite had tortoise, snakes, spiders, scorpions. They have a water slide for everyone.'], ['The hotel has outdoor activities, on call babysitters.'], ['The hotel offers a bird book and a pair of binoculars in every room to bird watch from the balcony. They are located near Carrillo, Finch&Fork and Spectrum Athletic Club.'], [''], [""A flock of adorable pink flamingos wait to greet you as you pull into the hotel. There's a little chicken coop with 8 hens.""], ['The hotel is on the historic register. They have a beach area in Clearwater with an hourly shuttle.'], [''], [''], ['The hotel has cute shopping stores.'], ['The hotel has all rescued animals such as horses, pony, goats, sheep and dogs at the housebarn.']]","['gift shops', 'guitar picks', 'sweatshirts', 'magnets', 'portable chargers', 'waterbottles', 'backpacks', 'cowboy hats', 'flow rider', 'water slides', 'lazy river', 'playground', '3 trolley car lines', 'buses', 'french quarter', 'police station', '', 'airport', 'downtown', 'university area', 'pima air museum', 'baggins', '', '', 'gator tour', 'plantation tour', '', '', 'water park', 'inflatable water slides', 'fishing', 'volleyball net', 'balls', '', '', 'free doggy doo bags', '', '', 'casino/gameroom', '', 'casino', 'good size arcade', '', 'small farmers market', 'nice hike', 'big shopping complex', 'costco', 'target', 'starbucks', 'other food options', 'state st', 'live band', 'jack daniels saloon', 'street party', '', '', 'marina', 'jewelry chest', 'necklaces', 'bracelets', 'casino area', 'amtrak station', 'little library sitting area', 'art books', 'photography books', 'shuttle', 'riverside bike path', 'jogging/fishing/blackberry picking', 'ocean', 'explorer program', 'private beach', 'large docking area', 'ben franklin bridge', 'fireworks display', '', 'nightly activities', 'loop rawlings', 'magician', 'critter show', 'country singer', 'horses', 'different rides', 'slow flat', 'fast flat', 'slow mountain', 'fast mountain', '1/2 day', 'full day', 'other activities', 'movie tour', 'gift shop', 'petting zoo', '', '', 'free gift', 'national register', '', '', '', '', 'coloring book', 'crayons', 'journal', '', '', '', 'club la douche', 'dock', 'hammocks', 'photo booth', ""valentine's candy"", 'binoculars', 'bike rentals', 'santa barbara', 'major attractions', 'saks', 'state st', 'events', 'face painters', 'santa clause', '', 'put put golf', 'oversized chess set', 'paddle boat', 'touch tank', 'konk children center', 'pet play zone', 'pirate island', 'water slide', 'shark riding', 'surfboard riding', 'beach access', 'beach volleyball', 'tennis court', 'water sports', 'live music', 'wawa', 'bowling alley', 'hair salon', 'trampoline park', '', '', 'pacific ocean', 'vip entrance', 'coral', 'pacific views', 'complimentary surfboard', 'private access gate', 'butterfly beach', 'nice beach', 'boards', 'skate', 'produce stand', 'eateries', 'wine tasting', 'state street', 'foot massages', 'salt cave', 'buddhist book', 'bike rentals', 'guitars', 'keyboards', 'banjo', '24 hr bar', 'st charles street car', 'garden district', 'super cool boutique', 'great nightlife', 'live music', 'beach access', 'nightclub', 'historic building', 'bus station', 'main casinos', 'poetry readings', 'parties', 'folk festival', 'art show', '', 'broadway', 'downtown', 'amazing black woman', 'keyboard organ singing gospel hymns', 'metrolink', 'the hill italian', 'convention center', 'fedex store', 'indoor lush tropical gardens', 'rivers', 'ponds', 'waterfalls', '', 'airport', 'other hotels', 'bourbon street', 'bars', 'parakeets', 'cute little sweatshirt', 'fabulous small bookstore', 'barrio books', 'first run movie theater', 'hair salon', 'florist', '', '', '', 'activities', 'starbucks', 'gift shop', 'doggie treats', 'pet friendly', 'daily showings', 'cinema', 'hobbit', 'live comedy shows', 'concerts', 'lounge w dj', 'dance floo', 'mechanical bull', 'daily fitness classes', 'outside activities', 'go karting', 'bungee gliding', 'driving range', 'golf putting lake', 'adult activities', 'surfing', 'kayaking', 'hiking', 'biking', 'nights out on the town', 'karaoke', 'trivia night', 'babysitting', 'professional photographer', 'cd', 'airport', 'indy downtown', 'tesla test drive campaign', '', 'santa', 'face painter/balloon lady', '', '', '', '', '', '', '', 'great events', 'block party', 'best haircuts', 'sunset', 'telescope', 'native american flute player', '', 'local favorite spot', ""john's village"", 'beach access', 'beach', 'ping pong room', 'dance', 'sing', 'downtown santa barbara', 'isla vista', 'caje', 'freebirds', 'woodstock', ""dublin's"", ""sam's"", 'activities', 'family carnival', '3 legged races', 'pie-eating contest', 'water balloon contest', 'temporary tattoos', 'hula hoop', 'limbo contests', 'hermit crab races', 'casino night', 'campfire sing-along', 'karaoke night', 'farewell show', 'other daytime activities', 'tennis', 'yoga', 'golf', 'wine country tours', 'softball game', 'babysitter', ""alice's adventure in wonderland"", 'museums', 'historical sites', 'restaurants', '', 'beach', 'kayaks', 'mangrooves', ""hook's"", '', '', 'great restaurant choices', 'national world war ii museum', 'audubon zoo', 'magazine street', 'canal street', 'trolley line', ""harrah's casino"", 'river', 'the french quarter', 'ruby slippers', 'hiking', 'golf', 'tucson', '10-fwy', 'tombstone', 'nogales mexico', '19-fwy', '', 'river', 'boat tours', 'plants', 'fountains', 'lovely trails', 'koi ponds', 'pretty spectacular christmas presentation', 'casino', 'good babysitter', 'games', 'new game', 'electric helicopters', 'remote control cars', 'prizes', '', '', '', 'fultron alley', 'great family bowling', 'barcadia', ""old school 80's video games"", 'other cool games', 'pretty fun waterslide', 'driving range', 'putting greens', 'mountain bikes', 'helmets', 'nightly activities', 'nightly stargazing', 'dive in movie', 'frozen', '', '', '', '', 'coloring book', 'crayons', 'st. pete beach', 'shuffleboard', 'games', 'toys', 'mini-mini golf course', 'library', 'publix', ""walgreen's"", 'dock', 'fishing gear', 'hikes', 'scavenger hunts', 'ranger wildlife lessons', 'bocce ball', 'mini golf', 'ping pong', 'arcade', 'mini museum', 'tortoise', 'great coffee shop', 'stores', 'restaurants', 'bars', 'corn-hole', 'ping pong', 'jets', 'cool little area', 'atm', 'nice hotel store', 'sheep', 'goats', 'beach', 'huge water slide', 'paddle boats', 'free mini golf', 'chess', 'big trampoline', '', '', '', 'campaign', '', 'rays', 'opry mills mall', 'grand ole opry', 'free shuttle', 'shuttle', 'events', 'comedian', 'live band', 'doggy daycare cam', '', '', 'various museums', 'national world war two museum', 'french quarter', 'business district', 'garden district', 'city park', 'layette square', 'other nawlins attractions', '', 'museum', 'admission', 'broadway', 'honky tonks', 'wild horse saloon', '', '']"
6,0.41921587432037527,"['', 'The hotel had a Tesla test drive campaign on the weekend of the Indy 500.', '', 'The hotel has a Santa and face painter/balloon lady.', '', '', '', '', '', 'The hotel has a Carousel bar.', '', 'The hotel has events. They closed the back parking lot and turned it into a dance floor with projectors, DJ, and outdoor bar.', 'The hotel has a spa.', 'The hotel has a telescope to see the amazing stars. They have a Native American flute player that plays soothing music while customers are at the pool.', '']","[['The hotel is close to the airport.'], ['The hotel is a 30mnt drive from Indy downtown to the hotel. They had a Tesla test drive campaign going on the weekend of the Indy 500.'], [''], ['The hotel had Santa and face painter/balloon lady.'], [''], [''], [''], [''], [''], [''], [''], ['The hotel has events. One evening they had a block party.'], ['A customer got a haircut at the hotel.'], ['You get a great view of the sunset and they also have a telescope to see the amazing stars. There is a Native American flute player that plays soothing music while you are at the pool.'], ['']]","['gift shops', 'guitar picks', 'sweatshirts', 'magnets', 'portable chargers', 'waterbottles', 'backpacks', 'cowboy hats', 'flow rider', 'water slides', 'lazy river', 'playground', '3 trolley car lines', 'buses', 'french quarter', 'police station', '', 'airport', 'downtown', 'university area', 'pima air museum', 'baggins', '', '', 'gator tour', 'plantation tour', '', '', 'water park', 'inflatable water slides', 'fishing', 'volleyball net', 'balls', '', '', 'free doggy doo bags', '', '', 'casino/gameroom', '', 'casino', 'good size arcade', '', 'small farmers market', 'nice hike', 'big shopping complex', 'costco', 'target', 'starbucks', 'other food options', 'state st', 'live band', 'jack daniels saloon', 'street party', '', '', 'marina', 'jewelry chest', 'necklaces', 'bracelets', 'casino area', 'amtrak station', 'little library sitting area', 'art books', 'photography books', 'shuttle', 'riverside bike path', 'jogging/fishing/blackberry picking', 'ocean', 'explorer program', 'private beach', 'large docking area', 'ben franklin bridge', 'fireworks display', '', 'nightly activities', 'loop rawlings', 'magician', 'critter show', 'country singer', 'horses', 'different rides', 'slow flat', 'fast flat', 'slow mountain', 'fast mountain', '1/2 day', 'full day', 'other activities', 'movie tour', 'gift shop', 'petting zoo', '', '', 'free gift', 'national register', '', '', '', '', 'coloring book', 'crayons', 'journal', '', '', '', 'club la douche', 'dock', 'hammocks', 'photo booth', ""valentine's candy"", 'binoculars', 'bike rentals', 'santa barbara', 'major attractions', 'saks', 'state st', 'events', 'face painters', 'santa clause', '', 'put put golf', 'oversized chess set', 'paddle boat', 'touch tank', 'konk children center', 'pet play zone', 'pirate island', 'water slide', 'shark riding', 'surfboard riding', 'beach access', 'beach volleyball', 'tennis court', 'water sports', 'live music', 'wawa', 'bowling alley', 'hair salon', 'trampoline park', '', '', 'pacific ocean', 'vip entrance', 'coral', 'pacific views', 'complimentary surfboard', 'private access gate', 'butterfly beach', 'nice beach', 'boards', 'skate', 'produce stand', 'eateries', 'wine tasting', 'state street', 'foot massages', 'salt cave', 'buddhist book', 'bike rentals', 'guitars', 'keyboards', 'banjo', '24 hr bar', 'st charles street car', 'garden district', 'super cool boutique', 'great nightlife', 'live music', 'beach access', 'nightclub', 'historic building', 'bus station', 'main casinos', 'poetry readings', 'parties', 'folk festival', 'art show', '', 'broadway', 'downtown', 'amazing black woman', 'keyboard organ singing gospel hymns', 'metrolink', 'the hill italian', 'convention center', 'fedex store', 'indoor lush tropical gardens', 'rivers', 'ponds', 'waterfalls', '', 'airport', 'other hotels', 'bourbon street', 'bars', 'parakeets', 'cute little sweatshirt', 'fabulous small bookstore', 'barrio books', 'first run movie theater', 'hair salon', 'florist', '', '', '', 'activities', 'starbucks', 'gift shop', 'doggie treats', 'pet friendly', 'daily showings', 'cinema', 'hobbit', 'live comedy shows', 'concerts', 'lounge w dj', 'dance floo', 'mechanical bull', 'daily fitness classes', 'outside activities', 'go karting', 'bungee gliding', 'driving range', 'golf putting lake', 'adult activities', 'surfing', 'kayaking', 'hiking', 'biking', 'nights out on the town', 'karaoke', 'trivia night', 'babysitting', 'professional photographer', 'cd', '', '', 'cute red parrat', 'beautiful beach', 'hiking', 'biking', 'painting', 'photography', 'seminars', 'classes', 'great events', 'ranger station', 'tortoise', 'snakes', 'spiders', 'scorpions', 'water slide', 'outdoor activities', 'games', 'on call babysitters', 'bird book', 'a pair of binoculars', 'carrillo', 'finch&fork', 'spectrum athletic club', '', 'adorable pink flamingos', 'chicken coop', 'hens', 'historic register', 'beach area', '', '', 'cute shopping stores', 'horsebarn', 'horses', 'pony', 'goats', 'sheep', 'dogs', 'animals', 'local favorite spot', ""john's village"", 'beach access', 'beach', 'ping pong room', 'dance', 'sing', 'downtown santa barbara', 'isla vista', 'caje', 'freebirds', 'woodstock', ""dublin's"", ""sam's"", 'activities', 'family carnival', '3 legged races', 'pie-eating contest', 'water balloon contest', 'temporary tattoos', 'hula hoop', 'limbo contests', 'hermit crab races', 'casino night', 'campfire sing-along', 'karaoke night', 'farewell show', 'other daytime activities', 'tennis', 'yoga', 'golf', 'wine country tours', 'softball game', 'babysitter', ""alice's adventure in wonderland"", 'museums', 'historical sites', 'restaurants', '', 'beach', 'kayaks', 'mangrooves', ""hook's"", '', '', 'great restaurant choices', 'national world war ii museum', 'audubon zoo', 'magazine street', 'canal street', 'trolley line', ""harrah's casino"", 'river', 'the french quarter', 'ruby slippers', 'hiking', 'golf', 'tucson', '10-fwy', 'tombstone', 'nogales mexico', '19-fwy', '', 'river', 'boat tours', 'plants', 'fountains', 'lovely trails', 'koi ponds', 'pretty spectacular christmas presentation', 'casino', 'good babysitter', 'games', 'new game', 'electric helicopters', 'remote control cars', 'prizes', '', '', '', 'fultron alley', 'great family bowling', 'barcadia', ""old school 80's video games"", 'other cool games', 'pretty fun waterslide', 'driving range', 'putting greens', 'mountain bikes', 'helmets', 'nightly activities', 'nightly stargazing', 'dive in movie', 'frozen', '', '', '', '', 'coloring book', 'crayons', 'st. pete beach', 'shuffleboard', 'games', 'toys', 'mini-mini golf course', 'library', 'publix', ""walgreen's"", 'dock', 'fishing gear', 'hikes', 'scavenger hunts', 'ranger wildlife lessons', 'bocce ball', 'mini golf', 'ping pong', 'arcade', 'mini museum', 'tortoise', 'great coffee shop', 'stores', 'restaurants', 'bars', 'corn-hole', 'ping pong', 'jets', 'cool little area', 'atm', 'nice hotel store', 'sheep', 'goats', 'beach', 'huge water slide', 'paddle boats', 'free mini golf', 'chess', 'big trampoline', '', '', '', 'campaign', '', 'rays', 'opry mills mall', 'grand ole opry', 'free shuttle', 'shuttle', 'events', 'comedian', 'live band', 'doggy daycare cam', '', '', 'various museums', 'national world war two museum', 'french quarter', 'business district', 'garden district', 'city park', 'layette square', 'other nawlins attractions', '', 'museum', 'admission', 'broadway', 'honky tonks', 'wild horse saloon', '', '']"
7,0.12972880808288983,"[""The hotel is located under the bridge over John's Pass. Under the bridge is a local favorite spot to fish."", 'The hotel is on campus in Goleta, just 10 minutes North of downtown Santa Barbara. The campus is just gorgeous with well-groomed bike and walkways, and the beach, of course.', '', '', 'The hotel is on the beach. They have kayaks. They have a hot tub.', '', '', '', ""The hotel is on Magazine street, right outside the resort. The 11 bus on Magazine street, right outside the resort, took us to the National World War II Museum (outstanding museum) and to the Audubon Zoo. Canal street is only 2 blocks away and the trolley line is right there. It was an easy walk to Harrah's casino, the river, and the French Quarter."", 'The hotel has hiking, golf, Pool, Exercise room, Cycling and a nice Mexican Themed Bar & Grille.', '', 'The hotel has a river with boat tours in its lobby. They do a pretty spectacular Christmas presentation.', 'The hotel has a Midway.', '', '']","[[""The hotel building location allows you to access John's Village and all it's attractions by walking under the bridge over John's Pass without having to cross the main road. Under the bridge is a local favorite spot to fish. The hotel has beach access.""], [""The hote is on the beach. They have a ping pong room. The staff can all dance and sing. They are just 10 minutes North of downtown Santa Barbara. They are a few blocks to Isla Vista with coffee at Caje, nachos at Freebirds and pizza from Woodstock. And you can have late night fun at Dublin's and Sam's. They hosted activities including Family Carnival with 3 legged races, a pie-eating contest, a water balloon contest, and temporary tattoos. They also had hula hoop and limbo contests, and hermit crab races. They had Casino Night where customers can do gambling with play money and dancing. They had a Campfire sing-along, Karaoke night and the Farewell show where they showed a video montage of pictures from the week. Other daytime activities included tennis, yoga, golf, wine country tours, softball game with staff vs. the vacationers. Customers can hire a babysitter.""], [""They have a copy of Alice's Adventure in Wonderland as a substitute. It is within walking distance of many attractions (museums, historical sites, restaurants, etc.)""], [''], ['From the hotel, a customer walked to the beach, rented kayaks, and paddled through the mangroves.'], [''], [''], ['Great restaurant choices within walking distance.'], [""The 11 bus on Magazine street, right outside the resort, can take people to the National World War II Museum and to the Audubon Zoo. Canal street is only 2 blocks away and the trolley line is right there. The hotel is an easy walk to Harrah's casino, the river, and the French Quarter. There is a breakfast/brunch place across the street, Ruby Slippers.""], ['The hotel offers Hiking, Golf. The room offers views of Tucson at night. The hotel is minutes to the 10-fwy and about an hour to Tombstone or Nogales Mexico down the 19-fwy.'], [''], ['The hotel has a river with boat tours in their looby. They have live plants, fountains with colored back lights, trails, koi ponds. They do a Christmas presentation as well.'], ['The hotel is a casino. They have a babysitter for the kids. They have games, and a new game with electric helicopters and remote control cars as prizes.'], [''], ['']]","['gift shops', 'guitar picks', 'sweatshirts', 'magnets', 'portable chargers', 'waterbottles', 'backpacks', 'cowboy hats', 'flow rider', 'water slides', 'lazy river', 'playground', '3 trolley car lines', 'buses', 'french quarter', 'police station', '', 'airport', 'downtown', 'university area', 'pima air museum', 'baggins', '', '', 'gator tour', 'plantation tour', '', '', 'water park', 'inflatable water slides', 'fishing', 'volleyball net', 'balls', '', '', 'free doggy doo bags', '', '', 'casino/gameroom', '', 'casino', 'good size arcade', '', 'small farmers market', 'nice hike', 'big shopping complex', 'costco', 'target', 'starbucks', 'other food options', 'state st', 'live band', 'jack daniels saloon', 'street party', '', '', 'marina', 'jewelry chest', 'necklaces', 'bracelets', 'casino area', 'amtrak station', 'little library sitting area', 'art books', 'photography books', 'shuttle', 'riverside bike path', 'jogging/fishing/blackberry picking', 'ocean', 'explorer program', 'private beach', 'large docking area', 'ben franklin bridge', 'fireworks display', '', 'nightly activities', 'loop rawlings', 'magician', 'critter show', 'country singer', 'horses', 'different rides', 'slow flat', 'fast flat', 'slow mountain', 'fast mountain', '1/2 day', 'full day', 'other activities', 'movie tour', 'gift shop', 'petting zoo', '', '', 'free gift', 'national register', '', '', '', '', 'coloring book', 'crayons', 'journal', '', '', '', 'club la douche', 'dock', 'hammocks', 'photo booth', ""valentine's candy"", 'binoculars', 'bike rentals', 'santa barbara', 'major attractions', 'saks', 'state st', 'events', 'face painters', 'santa clause', '', 'put put golf', 'oversized chess set', 'paddle boat', 'touch tank', 'konk children center', 'pet play zone', 'pirate island', 'water slide', 'shark riding', 'surfboard riding', 'beach access', 'beach volleyball', 'tennis court', 'water sports', 'live music', 'wawa', 'bowling alley', 'hair salon', 'trampoline park', '', '', 'pacific ocean', 'vip entrance', 'coral', 'pacific views', 'complimentary surfboard', 'private access gate', 'butterfly beach', 'nice beach', 'boards', 'skate', 'produce stand', 'eateries', 'wine tasting', 'state street', 'foot massages', 'salt cave', 'buddhist book', 'bike rentals', 'guitars', 'keyboards', 'banjo', '24 hr bar', 'st charles street car', 'garden district', 'super cool boutique', 'great nightlife', 'live music', 'beach access', 'nightclub', 'historic building', 'bus station', 'main casinos', 'poetry readings', 'parties', 'folk festival', 'art show', '', 'broadway', 'downtown', 'amazing black woman', 'keyboard organ singing gospel hymns', 'metrolink', 'the hill italian', 'convention center', 'fedex store', 'indoor lush tropical gardens', 'rivers', 'ponds', 'waterfalls', '', 'airport', 'other hotels', 'bourbon street', 'bars', 'parakeets', 'cute little sweatshirt', 'fabulous small bookstore', 'barrio books', 'first run movie theater', 'hair salon', 'florist', '', '', '', 'activities', 'starbucks', 'gift shop', 'doggie treats', 'pet friendly', 'daily showings', 'cinema', 'hobbit', 'live comedy shows', 'concerts', 'lounge w dj', 'dance floo', 'mechanical bull', 'daily fitness classes', 'outside activities', 'go karting', 'bungee gliding', 'driving range', 'golf putting lake', 'adult activities', 'surfing', 'kayaking', 'hiking', 'biking', 'nights out on the town', 'karaoke', 'trivia night', 'babysitting', 'professional photographer', 'cd', '', '', 'cute red parrat', 'beautiful beach', 'hiking', 'biking', 'painting', 'photography', 'seminars', 'classes', 'great events', 'ranger station', 'tortoise', 'snakes', 'spiders', 'scorpions', 'water slide', 'outdoor activities', 'games', 'on call babysitters', 'bird book', 'a pair of binoculars', 'carrillo', 'finch&fork', 'spectrum athletic club', '', 'adorable pink flamingos', 'chicken coop', 'hens', 'historic register', 'beach area', '', '', 'cute shopping stores', 'horsebarn', 'horses', 'pony', 'goats', 'sheep', 'dogs', 'animals', 'airport', 'indy downtown', 'tesla test drive campaign', '', 'santa', 'face painter/balloon lady', '', '', '', '', '', '', '', 'great events', 'block party', 'best haircuts', 'sunset', 'telescope', 'native american flute player', '', '', 'fultron alley', 'great family bowling', 'barcadia', ""old school 80's video games"", 'other cool games', 'pretty fun waterslide', 'driving range', 'putting greens', 'mountain bikes', 'helmets', 'nightly activities', 'nightly stargazing', 'dive in movie', 'frozen', '', '', '', '', 'coloring book', 'crayons', 'st. pete beach', 'shuffleboard', 'games', 'toys', 'mini-mini golf course', 'library', 'publix', ""walgreen's"", 'dock', 'fishing gear', 'hikes', 'scavenger hunts', 'ranger wildlife lessons', 'bocce ball', 'mini golf', 'ping pong', 'arcade', 'mini museum', 'tortoise', 'great coffee shop', 'stores', 'restaurants', 'bars', 'corn-hole', 'ping pong', 'jets', 'cool little area', 'atm', 'nice hotel store', 'sheep', 'goats', 'beach', 'huge water slide', 'paddle boats', 'free mini golf', 'chess', 'big trampoline', '', '', '', 'campaign', '', 'rays', 'opry mills mall', 'grand ole opry', 'free shuttle', 'shuttle', 'events', 'comedian', 'live band', 'doggy daycare cam', '', '', 'various museums', 'national world war two museum', 'french quarter', 'business district', 'garden district', 'city park', 'layette square', 'other nawlins attractions', '', 'museum', 'admission', 'broadway', 'honky tonks', 'wild horse saloon', '', '']"
8,0.009430863882073934,"['vorgesehen Projekte verbunden mit dem Aufenthaltsraum: one of the few places in Philly where someone will actually say ""good morning"" (No, seriously. I lived there for 5 years, so trust me on that.) The staff is very polite: one of the few places in Philly where someone will actually say ""good morning"" to you (No, seriously. I lived there for 5 years, so trust me on that.) The staff is very polite: one of the few places in Philly where someone will actually say ""good morning"" to you (No, seriously. I lived there for 5 years, so trust me on that.) The staff is very polite: one of the few places in Philly where someone will actually say ""good morning"" to you (No, seriously. I lived there for 5 years, so trust me on that.) The staff is very polite: one of the few places in Philly where someone will actually say ""good morning"" to you (No, seriously. I lived there for 5 years, so trust me on that.) The staff is very polite: one of the few places in Philly where someone will actually say ""good morning"" to you (No, seriously. I lived there for 5 years, so trust me on that.) The staff is very polite: one of the few places in Philly where someone will actually say ""good morning"" to you (No, seriously. I lived there for 5 years, so trust me on that.) They\'re also extremely helpful. When I checked in the night before, the gentleman at the reservation desk called to make sure I had a cab waiting for me at 8:15 the next morning so that I could make my speaking engagement on time. While I\'ve read a few reviews talking about the noise level of this place. There were people out and about, but I didn\'t hear a peep. There were people out and about, but I didn\'t hear a peep.', '', 'instanţ (I didn’t have) cazuri Reinigungsmöglichkeiten Reinigungsmöglichkeiten Reinigungsmöglichkeiten Reinigungsmöglichkeiten Reinigung Reinigung Reinigung Reinigung Reinigung Reinigung Reinigung Reinigung Reinigung Reinigung Reinigung Reinigung Reinigung Reinigung Reinigung Reinigung Reinigung Reinigung Reinigung Reinigung Reinigung Reinigung Reinigung Reinigung Reinigung Reinigung Reinigung Reinigung Reinigung Reinigung Reinigung Reinigung Reinigung Reinigung Reinigung Reinigung Reinigung Reinigung Reinigung Reinigung Reinigung Reinigung Reinigung Reinigung Reinigung Reinigung Reinigung Reinigung Reinigung Reinigung Reinigung Reinigung Reinigung Reinigung Reinigung Reinigung Reinigung Reinigung Reinigung Reinigung Reinigung Reinigung Reinigung Reinigung Reinigung Reinigung Reinigung Reinigung Reinigung Reinigung Reinigung Reinigung Reinigung Reinigung Reinigung Reinigung Reinigung Reinigung Reinigung Reinigung Reinigung Reinigung Reinigung Reinigung Reinigung Reinigung Reinigung Reinigung Reinigung Reinigung Reinigung Reinigung Reinigung Reinigung Reinigung Reinigung Reinigung Reinigung Reinigung Reinigung Reinigung Reinigung Reinigung Reinigung Reinigung Reinigung Reinigung Reinigung Reinigung Reinigung Reinigung Reinigung Reinigung Reinigung Reinigung Reinigung Reinigung Reinigung Reinigung Reinigung Reinigung Reinigung Reinigung Reinigung Reinigung Reinigung Reinigung Reinigung Reinigung Reinigung Reinigung Reinigung Reinigung Reinigung Reinigung Reinigung Reinigung Reinigung Reinigung Reinigung Reinigung Reinigung Reinigung Reinigung Reinigung Reinigung Reinigung Reinigung Reinigung Reinigung Reinigung Reinigung Reinigung Reinigung Reinigung Reinigung Reinigung Reinigung Reinigung Reinigung Reinigung Reinigung Reinigung Reinigung Reinigung Reinigung Reinigung Reinigung Reinigung Reinigung Reinigung Reinigung Reinigung Reinigung Reinigung Reinigung Reinigung Reinigung Reinigung Reinigung Reinigung Reinigung Reinigung Reinigung Reinigung Reinigung Reinigung Reinigung Reinigung Reinigung Reinigung Reinigung Reinigung Reinigung Reinigung Reinigung Reinigung Reinigung Reinigung Reinigung Reinigung Reinigung Reinigung Reinigung Reinigung Reinigung Reinigung Reinigung Reinigung Reinigung Reinigung Reinigung Reinigung Reinigung Reinigung Reinigung Reinigung Reinigung Reinigung Reinigung Reinigung Reinigung Reinigung Reinigung Reinigung Reinigung Reinigung Reinigung Reinigung Reinigung Reinigung Reinigung Reinigung Reinigung Reinigung Reinigung Reinigung Reinigung Reinigung Reinigung Reinigung Reinigung Reinigung Reinigung Reinigung Reinigung Reinigung Reinigung Reinigung Reinigung Reinigung Reinigung Reinigung Reinigung Reinigung Reinigung Reinigung Reinigung Reinigung Reinigung Reinigung Reinigung Reinigung Reinigung Reinigung Reinigung Reinigung Reinigung Reinigung Reinigung Reinigung Reinigung Reinigung Reinigung Reinigung Reinigung Reinigung Reinigung Reinigung Reinigung Reinigung Reinigung Reinigung Reinigung Reinigung Reinigung Reinigung Reinigung Reinigung Reinigung Reinigung Reinigung Reinigung Reinigung Reinigung Reinigung Reinigung Reinigung Reinigung Reinigung Reinigung Reinigung Reinigung Reinigung Reinigung Reinigung Reinigung Reinigung Reinigung Reinigung Reinigung Reinigung Reinigung Reinigung Reinigung Reinigung Reinigung Reinigung Reinigung Reinigung Reinigung Reinigung Reinigung Reinigung Reinigung Reinigung Reinigung Reinigung Reinigung Reinigung Reinigung Reinigung Reinigung Reinigung Reinigung Reinigung Reinigung Reinigung Reinigung Reinigung Reinigung Reinigung Reinigung Reinigung Reinigung Reinigung Reinigung Reinigung Reinigung Reinigung Reinigung Reinigung Reinigung Reinigung Reinigung Reinigung Reinigung Reinigung Reinigung Reinigung Reinigung Reinigung Reinigung Reinigung Reinigung Reinigung Reinigung Reinigung Reinigung Reinigung Reinigung Reinigung Reinigung Reinigung Reinigung Reinigung Reinigung Reinigung Reinigung Reinigung Reinigung Reinigung Reinigung Reinigung Reinigung Reinigung Reinigung Reinigung Reinigung Reinigung Reinigung Reinigung Reinigung Reinigung Reinigung Reinigung Reinigung Reinigung Reinigung Reinigung Reinigung Reinigung Reinigung Reinigung Reinigung Reinigung Reinigung Reinigung Reinigung Reinigung Reinigung Reinigung Reinigung Reinigung Reinigung Reinigung Reinigung Reinigung Reinigung Reinigung Reinigung Reinigung Reinigung Reinigung Reinigung Reinigung Reinigung Reinigung Reinigung Reinigung Reinigung Reinigung Reinigung Reinigung Reinigung Reinigung Reinigung Reinigung Reinigung Reinigung Reinigung Reinigung Reinigung Reinigung Reinigung Reinigung Reinigung Reinigung Reinigung Reinigung Reinigung Reinigung Reinigung Reinigung Reinigung Reinigung Reinigung Reinigung Reinigung Reinigung Reinigung Reinigung Reinigung Reinigung Reinigung Reinigung Reinigung Reinigung Reinigung Reinigung Reinigung Reinigung Reinigung Reinigung Reinigung Reinigung Reinigung Reinigung Reinigung Reinigung Reinigung Reinigung Reinigung Reinigung Reinigung Reinigung Reinigung Reinigung Reinigung', 'chaleureux – Ont souvent voulus séjourner', 'clean (bedding towels etc were great) finden Sie einige stray fishooks in der Carpet, verbunden einige VERY outdated.', ""Cette adresse privilégiera la présence en plus précieuse en donnant lieu à la présence immédiate de l'Opry Mills mall, le Grand Ole Opry (ils also have a free shuttle there), et qu'il s'agit d'une dizaine d'heures à côté du Grand Ole Opry (ils également have une free shuttle there), et ils ont également une shuttle à downtown Nashville pour une période (much plus peu de taxi)"", '', ""instanţ instanţ instanţ l'aussissance de l'doggie daycare cam"", '', "", the room wasn't cleaned when we arrived after being out the whole day so it wasn't a big deal."", 'instanţ – On locaux événements', 'geschmackvolle Reinigung Reinigungsmöglichkeiten, Kaffee,', 'abgestimmt, (looks like James Brown, but jünger)', '', 'acesta instanţ instanţ instanţ instanţ instanţ instanţ instanţ instanţ instanţ instanţ instanţ instanţ instanţ instanţ instanţ instanţ instanţ instanţ instanţ instanţ instanţ instanţ instanţ instanţ instanţ instanţ instanţ instanţ instanţ instanţ instanţ instanţ instanţ instanţ instanţ instanţ instanţ instanţ instanţ instanţ instanţ instanţ instanţ instanţ instanţ instanţ instanţ instanţ instanţ instanţ instanţ instanţ certifiés certifiés certifiés certifiés certifiés certifiés certifiés certifiés certifiés certifiés certifiés certifiés certifiés certifiés certifiés certifiés certifiés certifiés certifiés certifiés certifiés certifiés certifiés certifiés certifiés certifiés certifiés certifiés certifiés certifiés certifiés certifiés certifiés certifiés certifiés certifiés certifiés certifiés certifiés certifiés certifiés certifiés certifiés certifiés certifiés certifiés certifiés certifiés certifiés certifiés certifiés certifiés certifiés certifiés certifiés certifiés certifiés certifiés certifiés certifiés certifiés certifiés certifiés certifiés certifiés certifiés certifiés certifiés certifiés certifiés certifiés certifiés certifiés certifiés certifiés certifiés certifiés certifiés certifiés certifiés certifiés certifiés certifiés certifiés certifiés certifiés certifiés certifiés certifiés certifiés certifiés certifiés certifiés certifiés certifiés certifiés certifiés certifiés certifiés certifiés certifiés certifiés certifiés certifiés certifiés certifiés certifiés certifiés certifiés certifiés certifiés certifiés certifiés certifiés certifiés certifiés certifiés certifiés certifiés certifiés certifiés certifiés certifiés certifiés certifiés certifiés certifiés certifiés certifiés certifiés certifiés certifiés certifiés certifiés certifiés certifiés certifiés certifiés certifiés certifiés certifiés certifiés certifiés certifiés certifiés certifiés certifiés certifiés certifiés certifiés certifiés certifiés certifiés certifiés certifiés certifiés certifiés certifiés certifiés certifiés certifiés certifiés certifiés certifiés certifiés certifiés certifiés certifiés certifiés certifiés certifiés certifiés certifiés certifiés certifiés certifiés certifiés certifiés certifiés certifiés certifiés certifiés certifiés certifiés certifiés certifiés certifiés certifiés certifiés certifiés certifiés certifiés certifiés certifiés certifiés certifiés certifiés certifiés certifiés certifiés certifiés certifiés certifiés certifiés certifiés certifiés certifiés certifiés certifiés certifiés certifiés certifiés certifiés certifiés certifiés certifiés certifiés certifiés certifiés certifiés certifiés certifiés certifiés certifiés certifiés certifiés certifiés certifiés certifié']","[[''], [''], ['The hotel has a campaign to provide drinking water for impoverished countries if customers give up their maid service.'], [''], ['A customer watched rays swim through the mangrove trees from the balcony.'], ['The hotel is within walking distance to the Opry Mills mall, the Grand Ole Opry (they also have a free shuttle there), and they have a shuttle to downtown Nashville for a nominal fee (much less than taxi).'], ['The hotel had events. They had a comedian and a live band.'], ['The hotel has a doggy daycare cam.'], [''], [''], ['The hotel is located close to various museums, including the National World War Two museum, the French Quarter, the business district, the garden district, the city park, Layette Square and innumerable other Nawlins attractions.'], [''], ['The hotel is connected to a museum. Admission to the Museum is included. The hotel is just a few blocks from Broadway and down the street from Wild Horse Saloon.'], [''], ['']]","['gift shops', 'guitar picks', 'sweatshirts', 'magnets', 'portable chargers', 'waterbottles', 'backpacks', 'cowboy hats', 'flow rider', 'water slides', 'lazy river', 'playground', '3 trolley car lines', 'buses', 'french quarter', 'police station', '', 'airport', 'downtown', 'university area', 'pima air museum', 'baggins', '', '', 'gator tour', 'plantation tour', '', '', 'water park', 'inflatable water slides', 'fishing', 'volleyball net', 'balls', '', '', 'free doggy doo bags', '', '', 'casino/gameroom', '', 'casino', 'good size arcade', '', 'small farmers market', 'nice hike', 'big shopping complex', 'costco', 'target', 'starbucks', 'other food options', 'state st', 'live band', 'jack daniels saloon', 'street party', '', '', 'marina', 'jewelry chest', 'necklaces', 'bracelets', 'casino area', 'amtrak station', 'little library sitting area', 'art books', 'photography books', 'shuttle', 'riverside bike path', 'jogging/fishing/blackberry picking', 'ocean', 'explorer program', 'private beach', 'large docking area', 'ben franklin bridge', 'fireworks display', '', 'nightly activities', 'loop rawlings', 'magician', 'critter show', 'country singer', 'horses', 'different rides', 'slow flat', 'fast flat', 'slow mountain', 'fast mountain', '1/2 day', 'full day', 'other activities', 'movie tour', 'gift shop', 'petting zoo', '', '', 'free gift', 'national register', '', '', '', '', 'coloring book', 'crayons', 'journal', '', '', '', 'club la douche', 'dock', 'hammocks', 'photo booth', ""valentine's candy"", 'binoculars', 'bike rentals', 'santa barbara', 'major attractions', 'saks', 'state st', 'events', 'face painters', 'santa clause', '', 'put put golf', 'oversized chess set', 'paddle boat', 'touch tank', 'konk children center', 'pet play zone', 'pirate island', 'water slide', 'shark riding', 'surfboard riding', 'beach access', 'beach volleyball', 'tennis court', 'water sports', 'live music', 'wawa', 'bowling alley', 'hair salon', 'trampoline park', '', '', 'pacific ocean', 'vip entrance', 'coral', 'pacific views', 'complimentary surfboard', 'private access gate', 'butterfly beach', 'nice beach', 'boards', 'skate', 'produce stand', 'eateries', 'wine tasting', 'state street', 'foot massages', 'salt cave', 'buddhist book', 'bike rentals', 'guitars', 'keyboards', 'banjo', '24 hr bar', 'st charles street car', 'garden district', 'super cool boutique', 'great nightlife', 'live music', 'beach access', 'nightclub', 'historic building', 'bus station', 'main casinos', 'poetry readings', 'parties', 'folk festival', 'art show', '', 'broadway', 'downtown', 'amazing black woman', 'keyboard organ singing gospel hymns', 'metrolink', 'the hill italian', 'convention center', 'fedex store', 'indoor lush tropical gardens', 'rivers', 'ponds', 'waterfalls', '', 'airport', 'other hotels', 'bourbon street', 'bars', 'parakeets', 'cute little sweatshirt', 'fabulous small bookstore', 'barrio books', 'first run movie theater', 'hair salon', 'florist', '', '', '', 'activities', 'starbucks', 'gift shop', 'doggie treats', 'pet friendly', 'daily showings', 'cinema', 'hobbit', 'live comedy shows', 'concerts', 'lounge w dj', 'dance floo', 'mechanical bull', 'daily fitness classes', 'outside activities', 'go karting', 'bungee gliding', 'driving range', 'golf putting lake', 'adult activities', 'surfing', 'kayaking', 'hiking', 'biking', 'nights out on the town', 'karaoke', 'trivia night', 'babysitting', 'professional photographer', 'cd', '', '', 'cute red parrat', 'beautiful beach', 'hiking', 'biking', 'painting', 'photography', 'seminars', 'classes', 'great events', 'ranger station', 'tortoise', 'snakes', 'spiders', 'scorpions', 'water slide', 'outdoor activities', 'games', 'on call babysitters', 'bird book', 'a pair of binoculars', 'carrillo', 'finch&fork', 'spectrum athletic club', '', 'adorable pink flamingos', 'chicken coop', 'hens', 'historic register', 'beach area', '', '', 'cute shopping stores', 'horsebarn', 'horses', 'pony', 'goats', 'sheep', 'dogs', 'animals', 'airport', 'indy downtown', 'tesla test drive campaign', '', 'santa', 'face painter/balloon lady', '', '', '', '', '', '', '', 'great events', 'block party', 'best haircuts', 'sunset', 'telescope', 'native american flute player', '', 'local favorite spot', ""john's village"", 'beach access', 'beach', 'ping pong room', 'dance', 'sing', 'downtown santa barbara', 'isla vista', 'caje', 'freebirds', 'woodstock', ""dublin's"", ""sam's"", 'activities', 'family carnival', '3 legged races', 'pie-eating contest', 'water balloon contest', 'temporary tattoos', 'hula hoop', 'limbo contests', 'hermit crab races', 'casino night', 'campfire sing-along', 'karaoke night', 'farewell show', 'other daytime activities', 'tennis', 'yoga', 'golf', 'wine country tours', 'softball game', 'babysitter', ""alice's adventure in wonderland"", 'museums', 'historical sites', 'restaurants', '', 'beach', 'kayaks', 'mangrooves', ""hook's"", '', '', 'great restaurant choices', 'national world war ii museum', 'audubon zoo', 'magazine street', 'canal street', 'trolley line', ""harrah's casino"", 'river', 'the french quarter', 'ruby slippers', 'hiking', 'golf', 'tucson', '10-fwy', 'tombstone', 'nogales mexico', '19-fwy', '', 'river', 'boat tours', 'plants', 'fountains', 'lovely trails', 'koi ponds', 'pretty spectacular christmas presentation', 'casino', 'good babysitter', 'games', 'new game', 'electric helicopters', 'remote control cars', 'prizes', '', '', '', 'fultron alley', 'great family bowling', 'barcadia', ""old school 80's video games"", 'other cool games', 'pretty fun waterslide', 'driving range', 'putting greens', 'mountain bikes', 'helmets', 'nightly activities', 'nightly stargazing', 'dive in movie', 'frozen', '', '', '', '', 'coloring book', 'crayons', 'st. pete beach', 'shuffleboard', 'games', 'toys', 'mini-mini golf course', 'library', 'publix', ""walgreen's"", 'dock', 'fishing gear', 'hikes', 'scavenger hunts', 'ranger wildlife lessons', 'bocce ball', 'mini golf', 'ping pong', 'arcade', 'mini museum', 'tortoise', 'great coffee shop', 'stores', 'restaurants', 'bars', 'corn-hole', 'ping pong', 'jets', 'cool little area', 'atm', 'nice hotel store', 'sheep', 'goats', 'beach', 'huge water slide', 'paddle boats', 'free mini golf', 'chess', 'big trampoline', '']"
