,bleu,rouge1,rouge2,rougeL,rougeLsum,bertscore_avg_p,bertscore_avg_r,bertscore_avg_f1,p_clusters,r_clusters,f1_clusters,new_golds,preds,labels,train_nc_list
0,"macro avg: 0.35 
 micro avg: 0.32","macro avg: 0.68 
 micro avg: 0.65","macro avg: 0.19 
 micro avg: 0.17","macro avg: 0.67 
 micro avg: 0.65","macro avg: 0.67 
 micro avg: 0.65","macro avg: 0.77 
 micro avg: 0.76","macro avg: 0.76 
 micro avg: 0.75","macro avg: 0.76 
 micro avg: 0.75",0.0,0.0,0.0,,"model: flan-t5-xl
learning_rate: 3e-05
num_train_epochs: 30.0
weight_decay: 0.001
per_device_train_batch_size: 1
gradient_accumulation_steps: 16",,
1,0.61,0.83,0.28,0.83,0.83,0.89,0.89,0.89,0.0,0.0,0.0,None,"['The restaurant offers life size beer pong at their outside patio. They have a pool table and recently added arcade games (nfl blitz 99 beats madden 15 all day).', 'The restaurant has an outside dining area overlooking the golf course.', 'The restaurant is on the water. Boaters can come right up to dock. Customers can bring pets.', 'None', 'The restaurant has a secluded VIP area where you can dance in an elevated room with an open section to see out onto the dancefloor.', 'None', 'None', 'None', 'None', 'None', 'The restaurant has a henna tattoo artist and a fortune teller.', 'None', 'None', 'The restaurant has table and floor games inside - Jenga and big Connect 4. They have a room for beach volleyball or badminton.']","[['The restaurant offers life size beer pong at their outside patio. They have a pool table. They recently added arcade games, such as nfl blitz 99 and madden 15.'], ['The restaurant has an outside dining area overlooking a golf course.'], ['The restaurant is placed on the water. Boaters can come right up to dock. Customers can bring their pets.'], ['None'], ['The restaurant has a nightclub on Saturday nights.'], ['None'], ['None'], ['None'], ['None'], ['None'], ['The restaurant project Bollywood movies. For the NYE holiday, they brought in a henna tattoo artist and a fortune teller.'], ['The restaurant is also a karaoke venue.'], ['None'], ['The restaurant has table and floor games inside - Jenga and big Connect 4. There is a room for beach volleyball or badminton.']]","['none', 'none', 'none', 'none', 'special event', 'circus', 'carnival', 'baby alligator', 'anaconda', 'fire', 'glass', 'performances', 'live music', 'really good events', 'none', 'none', 'little grocery store', 'lounge area', 'symbolism', 'custom associations', 'lottery tickets/ scratchers', 'none', 'none', 'free wifi', 'coffee grounds', 'none', 'none', 'none', 'none', 'cats', 'entrance fee', 'orange cat', 'adoption', 'stray cat alliance', 'their tour', '10 dollar fresh day tour', 'free tour', 'their museum', 'clydesdales horses', 'dock area', 'paddle cruise', 'free calendar', 'none', 'none', 'none', 'puppet show', 'none', 'bookstore/gift shop', 'derek st. holmes', 'nasty blues', 'none', 'mark the balloon guy', 'stuffed animal/puppets', 'none', 'none', 'good burger car', 'souvenir t-shirts', 'hats,""hi af"" shirt', 'movie good burger', 'none', 'amazing tour de bier', 'history lesson', 'culturally amazing german experience', 'none', 'events', 'hypnosis show', 'drag show', 'karaoke night', 'quizo', 'entertainment', 'professional babysitting service', 'different size diapers', 'none', 'none', 'none', 'ponchos', 'parakeet paradise', 'none', 'none', 'philly community acupuncture', 'none', 'none', 'none', 'virtual golf', 'games', 'zombie dodgeball', 'peacocks', 'park woods', 'sunset', 'long public dock', 'guidebook', 'tour', 'estate', 'tour', 'red wine collection', 'cellar room', 'their extensive collection', 'adjacent garden', 'none', 'none', 'none', 'mini trampoline', 'best sounding band', 'none', 'none', 'free wifi', 'ping pong', 'shuffleboard', 'music venue', 'none', 'trivia night', 'fireworks', 'none', 'video', 'none', 'none', 'great therapeutic sketching', 'none', 'none', 'balloon puppets', 'animals', 'water', 'manatee', 'none', 'paper studio', 'journals', 'gift tags', 'their candles', 'lip balms', 'local charity', 'none', 'parklands', 'goose creek park', 'playground', 'none', 'polaroid', 'none', 'none', 'none', 'board games', 'trivia pursuit', 'small concerts', 'none', 'none', 'none', 'canoeing', 'kayaking', 'sunny fish', 'deck', 'none', 'yoga', 'henna artist', 'none', 'used books', 'basics of mechanical engineering', 'a guide on planetary leadership', 'internet', 'none', 'gators', 'airboat ride', 'none', 'none', 'scratch off lottery machine', 'keno', 'computer nascar style racing', 'computer football', ""their 'petting zoo'"", 'rooster', 'goat', 'pigs', 'cutest little piglet', 'free comic', 'none', 'casinos', 'concert', 'ava amphitheater', 'wifi', 'live bands', 'book exchange area', 'community scarf/blanket project', 'beautiful garden', 'hummingbirds', 'songbirds', 'none', 'live music', 'lounge area', 'fishies', 'tank', 'pokestops', 'cemetery', 'pokestop', 'none', 'none', 'none', 'none', 'none', 'none', 'dance floors', 'photo booth', 'penns landing fireworks', 'nice playroom', 'sunbathers', 'gorgeous waves', 'shore', 'kite surfers', 'jet powered surfboard surfers', 'dolphin spotting', 'open air beach view', 'garden', 'art', 'gift shop', 'cute wallet', 'shawl', 'necklace', 'indy 500 photos', 'collectibles', 'plants', 'cute indoor store', 'beautiful pots', 'candles', 'terrariums', 'audiobook', 'none', 'none', 'watercolors', 'local artist', 'river walk', 'on site medium', 'their apothecary area', 'local artists', 'customized carmel sportswear', 'greeting cards', 'anniversary gifts', 'local wildlife', 'moms', 'anarchists', 'hackers', 'organic gardeners', 'activists', 'arizona greyhound rescue event', 'hounds', 'none', 'capoiera/zumba studio', 'outreach program', 'meal sponsorship program', 'none', 'none']"
2,0.21,0.69,0.13,0.69,0.69,0.76,0.76,0.76,0.0,0.0,0.0,None,"['None', 'None', 'The restaurant has a customer rating of 5 out of 5.', 'None', 'One night they had a special event--a Circus type thing or more like a Carnival with a real side show. They had a circus type thing with a real side show.', 'None', 'None', 'None', 'The restaurant has a lounge area behind. Customers can take their drink in the lounge and kick back.', 'The restaurant sells lottery tickets/ scratchers and boba.', 'None', 'None', 'The restaurant offers free WiFi. Customers can find bags of coffee grounds for their compost.', 'The restaurant offers a Mug Club Membership. Customers can get a personalized mug with the name of their choice.']","[['None'], ['None'], ['None'], ['None'], ['One night the restaurant had a special event where customers got to pet a baby alligator, hold an anaconda and see a guy breathe fire and walk on glass. They had live music.'], ['None'], ['None'], ['The restaurant has a little grocery store.'], ['The restaurant has a lounge area behind the bar. There are symbolism and custom associations provided.'], ['The restaurant sells lottery tickets/ scratchers.'], ['None'], ['None'], ['The restaurant has free wifi. On the stoop customers can find bags of coffee grounds for compost.'], ['None']]","['life size beer pong', 'pool table', 'arcade games', 'nfl blitz 99', 'madden 15', 'tips', 'hikes', 'activities', 'golf course', 'water', 'boaters', 'dock', 'your pets', 'none', 'their nightclub', 'none', 'none', 'none', 'none', 'none', 'bollywood movies', 'henna tattoo artist', 'fortune teller', 'karaoke venue', 'none', 'table and floor games', 'jenga', 'big connect 4', 'beach volleyball', 'badminton', 'none', 'none', 'none', 'cats', 'entrance fee', 'orange cat', 'adoption', 'stray cat alliance', 'their tour', '10 dollar fresh day tour', 'free tour', 'their museum', 'clydesdales horses', 'dock area', 'paddle cruise', 'free calendar', 'none', 'none', 'none', 'puppet show', 'none', 'bookstore/gift shop', 'derek st. holmes', 'nasty blues', 'none', 'mark the balloon guy', 'stuffed animal/puppets', 'none', 'none', 'good burger car', 'souvenir t-shirts', 'hats,""hi af"" shirt', 'movie good burger', 'none', 'amazing tour de bier', 'history lesson', 'culturally amazing german experience', 'none', 'events', 'hypnosis show', 'drag show', 'karaoke night', 'quizo', 'entertainment', 'professional babysitting service', 'different size diapers', 'none', 'none', 'none', 'ponchos', 'parakeet paradise', 'none', 'none', 'philly community acupuncture', 'none', 'none', 'none', 'virtual golf', 'games', 'zombie dodgeball', 'peacocks', 'park woods', 'sunset', 'long public dock', 'guidebook', 'tour', 'estate', 'tour', 'red wine collection', 'cellar room', 'their extensive collection', 'adjacent garden', 'none', 'none', 'none', 'mini trampoline', 'best sounding band', 'none', 'none', 'free wifi', 'ping pong', 'shuffleboard', 'music venue', 'none', 'trivia night', 'fireworks', 'none', 'video', 'none', 'none', 'great therapeutic sketching', 'none', 'none', 'balloon puppets', 'animals', 'water', 'manatee', 'none', 'paper studio', 'journals', 'gift tags', 'their candles', 'lip balms', 'local charity', 'none', 'parklands', 'goose creek park', 'playground', 'none', 'polaroid', 'none', 'none', 'none', 'board games', 'trivia pursuit', 'small concerts', 'none', 'none', 'none', 'canoeing', 'kayaking', 'sunny fish', 'deck', 'none', 'yoga', 'henna artist', 'none', 'used books', 'basics of mechanical engineering', 'a guide on planetary leadership', 'internet', 'none', 'gators', 'airboat ride', 'none', 'none', 'scratch off lottery machine', 'keno', 'computer nascar style racing', 'computer football', ""their 'petting zoo'"", 'rooster', 'goat', 'pigs', 'cutest little piglet', 'free comic', 'none', 'casinos', 'concert', 'ava amphitheater', 'wifi', 'live bands', 'book exchange area', 'community scarf/blanket project', 'beautiful garden', 'hummingbirds', 'songbirds', 'none', 'live music', 'lounge area', 'fishies', 'tank', 'pokestops', 'cemetery', 'pokestop', 'none', 'none', 'none', 'none', 'none', 'none', 'dance floors', 'photo booth', 'penns landing fireworks', 'nice playroom', 'sunbathers', 'gorgeous waves', 'shore', 'kite surfers', 'jet powered surfboard surfers', 'dolphin spotting', 'open air beach view', 'garden', 'art', 'gift shop', 'cute wallet', 'shawl', 'necklace', 'indy 500 photos', 'collectibles', 'plants', 'cute indoor store', 'beautiful pots', 'candles', 'terrariums', 'audiobook', 'none', 'none', 'watercolors', 'local artist', 'river walk', 'on site medium', 'their apothecary area', 'local artists', 'customized carmel sportswear', 'greeting cards', 'anniversary gifts', 'local wildlife', 'moms', 'anarchists', 'hackers', 'organic gardeners', 'activists', 'arizona greyhound rescue event', 'hounds', 'none', 'capoiera/zumba studio', 'outreach program', 'meal sponsorship program', 'none', 'none']"
3,0.17,0.65,0.1,0.63,0.64,0.76,0.76,0.76,0.0,0.0,0.0,None,"['None', 'None', 'None', 'The restaurant has over 10 cats to interact with. Guests can place their belongings away from the cats in the side cubicles. The cats here are available for adoption through the Stray Cat Alliance.', 'The brewery is on the way home. Customers get to see the Clydesdales horses.', 'None', 'The restaurant offers a free calendar.', 'None', 'None', 'None', 'None', 'None', 'The restaurant has a bookstore/gift shop at either entrances of this wonderful former planetarium.', 'None']","[['None'], ['None'], ['None'], ['The restaurant is more of an indoor cat petting zoo than a cat cafe. Customers pay for the entrance fee to support the cats. The cats are available for adoption through the Stray Cat Alliance.'], ['The restaurant offers a tour. They have a 10 dollar fresh day tour and a free tour. Customers can walk through their museum. Customers can see Clydesdales horses.'], ['They are close to a dock area where customers can board paddle cruises.'], ['One time a customer got a free calendar.'], ['None'], ['None'], ['None'], [""The restaurant's sushi chef once did a puppet show for customers who sat at the counter.""], ['None'], ['The restaurant has a bookstore/gift shop at either entrances.'], ['One day Derek St. Holmes (former vocalist/rythm guitar for Ted Nugent) played some nasty blues at the restaurant.']]","['life size beer pong', 'pool table', 'arcade games', 'nfl blitz 99', 'madden 15', 'tips', 'hikes', 'activities', 'golf course', 'water', 'boaters', 'dock', 'your pets', 'none', 'their nightclub', 'none', 'none', 'none', 'none', 'none', 'bollywood movies', 'henna tattoo artist', 'fortune teller', 'karaoke venue', 'none', 'table and floor games', 'jenga', 'big connect 4', 'beach volleyball', 'badminton', 'none', 'none', 'none', 'none', 'special event', 'circus', 'carnival', 'baby alligator', 'anaconda', 'fire', 'glass', 'performances', 'live music', 'really good events', 'none', 'none', 'little grocery store', 'lounge area', 'symbolism', 'custom associations', 'lottery tickets/ scratchers', 'none', 'none', 'free wifi', 'coffee grounds', 'none', 'none', 'mark the balloon guy', 'stuffed animal/puppets', 'none', 'none', 'good burger car', 'souvenir t-shirts', 'hats,""hi af"" shirt', 'movie good burger', 'none', 'amazing tour de bier', 'history lesson', 'culturally amazing german experience', 'none', 'events', 'hypnosis show', 'drag show', 'karaoke night', 'quizo', 'entertainment', 'professional babysitting service', 'different size diapers', 'none', 'none', 'none', 'ponchos', 'parakeet paradise', 'none', 'none', 'philly community acupuncture', 'none', 'none', 'none', 'virtual golf', 'games', 'zombie dodgeball', 'peacocks', 'park woods', 'sunset', 'long public dock', 'guidebook', 'tour', 'estate', 'tour', 'red wine collection', 'cellar room', 'their extensive collection', 'adjacent garden', 'none', 'none', 'none', 'mini trampoline', 'best sounding band', 'none', 'none', 'free wifi', 'ping pong', 'shuffleboard', 'music venue', 'none', 'trivia night', 'fireworks', 'none', 'video', 'none', 'none', 'great therapeutic sketching', 'none', 'none', 'balloon puppets', 'animals', 'water', 'manatee', 'none', 'paper studio', 'journals', 'gift tags', 'their candles', 'lip balms', 'local charity', 'none', 'parklands', 'goose creek park', 'playground', 'none', 'polaroid', 'none', 'none', 'none', 'board games', 'trivia pursuit', 'small concerts', 'none', 'none', 'none', 'canoeing', 'kayaking', 'sunny fish', 'deck', 'none', 'yoga', 'henna artist', 'none', 'used books', 'basics of mechanical engineering', 'a guide on planetary leadership', 'internet', 'none', 'gators', 'airboat ride', 'none', 'none', 'scratch off lottery machine', 'keno', 'computer nascar style racing', 'computer football', ""their 'petting zoo'"", 'rooster', 'goat', 'pigs', 'cutest little piglet', 'free comic', 'none', 'casinos', 'concert', 'ava amphitheater', 'wifi', 'live bands', 'book exchange area', 'community scarf/blanket project', 'beautiful garden', 'hummingbirds', 'songbirds', 'none', 'live music', 'lounge area', 'fishies', 'tank', 'pokestops', 'cemetery', 'pokestop', 'none', 'none', 'none', 'none', 'none', 'none', 'dance floors', 'photo booth', 'penns landing fireworks', 'nice playroom', 'sunbathers', 'gorgeous waves', 'shore', 'kite surfers', 'jet powered surfboard surfers', 'dolphin spotting', 'open air beach view', 'garden', 'art', 'gift shop', 'cute wallet', 'shawl', 'necklace', 'indy 500 photos', 'collectibles', 'plants', 'cute indoor store', 'beautiful pots', 'candles', 'terrariums', 'audiobook', 'none', 'none', 'watercolors', 'local artist', 'river walk', 'on site medium', 'their apothecary area', 'local artists', 'customized carmel sportswear', 'greeting cards', 'anniversary gifts', 'local wildlife', 'moms', 'anarchists', 'hackers', 'organic gardeners', 'activists', 'arizona greyhound rescue event', 'hounds', 'none', 'capoiera/zumba studio', 'outreach program', 'meal sponsorship program', 'none', 'none']"
4,0.12,0.62,0.09,0.61,0.61,0.73,0.71,0.72,0.0,0.0,0.0,None,"['None', 'The restaurant is family diner at its best. Often the windows are decorated for the Holidays at hand. The restaurant is not uncommon for the entire place to be asked to sing ""happy birthday"" for another guest.', 'None', 'None', 'The restaurant has the car from the movie Good Burger.', 'None', 'None', 'The restaurant has a wall of polaroids of customers.', 'The restaurant offers a hypnosis show, drag show, karaoke night, or QuizO.', 'None', 'None', 'None', 'None', 'None']","[['None'], ['On the weekends kids can experience ""Mark the Balloon Guy"" at the restaurant. They have stuffed animal/puppets for sale at the front.'], ['None'], ['None'], ['The restaurant has the car from the movie Good Burger. They sell souvenir T-shirts & hats, & a customer got a ""HI AF"" shirt. The shirts are heavily influenced by the movie Good Burger.'], ['None'], ['A group of customers was able to meet the brewmaster and get an amazing tour de bier and history lesson with everything changing, explanation of notes and all of the accoutrement that goes with a blue ribbon tasting experience, all contained within the confines of its culturally amazing German experience on the cusp of Oktoberfest.'], ['None'], ['The restaurant offers events such as a hypnosis show, drag show, karaoke night, or QuizO.'], ['The restaurant has a professional babysitting service. They have a good selection of different size diapers in the restrooms.'], ['None'], ['None'], ['None'], ['The restaurant sells ponchos.']]","['life size beer pong', 'pool table', 'arcade games', 'nfl blitz 99', 'madden 15', 'tips', 'hikes', 'activities', 'golf course', 'water', 'boaters', 'dock', 'your pets', 'none', 'their nightclub', 'none', 'none', 'none', 'none', 'none', 'bollywood movies', 'henna tattoo artist', 'fortune teller', 'karaoke venue', 'none', 'table and floor games', 'jenga', 'big connect 4', 'beach volleyball', 'badminton', 'none', 'none', 'none', 'none', 'special event', 'circus', 'carnival', 'baby alligator', 'anaconda', 'fire', 'glass', 'performances', 'live music', 'really good events', 'none', 'none', 'little grocery store', 'lounge area', 'symbolism', 'custom associations', 'lottery tickets/ scratchers', 'none', 'none', 'free wifi', 'coffee grounds', 'none', 'none', 'none', 'none', 'cats', 'entrance fee', 'orange cat', 'adoption', 'stray cat alliance', 'their tour', '10 dollar fresh day tour', 'free tour', 'their museum', 'clydesdales horses', 'dock area', 'paddle cruise', 'free calendar', 'none', 'none', 'none', 'puppet show', 'none', 'bookstore/gift shop', 'derek st. holmes', 'nasty blues', 'parakeet paradise', 'none', 'none', 'philly community acupuncture', 'none', 'none', 'none', 'virtual golf', 'games', 'zombie dodgeball', 'peacocks', 'park woods', 'sunset', 'long public dock', 'guidebook', 'tour', 'estate', 'tour', 'red wine collection', 'cellar room', 'their extensive collection', 'adjacent garden', 'none', 'none', 'none', 'mini trampoline', 'best sounding band', 'none', 'none', 'free wifi', 'ping pong', 'shuffleboard', 'music venue', 'none', 'trivia night', 'fireworks', 'none', 'video', 'none', 'none', 'great therapeutic sketching', 'none', 'none', 'balloon puppets', 'animals', 'water', 'manatee', 'none', 'paper studio', 'journals', 'gift tags', 'their candles', 'lip balms', 'local charity', 'none', 'parklands', 'goose creek park', 'playground', 'none', 'polaroid', 'none', 'none', 'none', 'board games', 'trivia pursuit', 'small concerts', 'none', 'none', 'none', 'canoeing', 'kayaking', 'sunny fish', 'deck', 'none', 'yoga', 'henna artist', 'none', 'used books', 'basics of mechanical engineering', 'a guide on planetary leadership', 'internet', 'none', 'gators', 'airboat ride', 'none', 'none', 'scratch off lottery machine', 'keno', 'computer nascar style racing', 'computer football', ""their 'petting zoo'"", 'rooster', 'goat', 'pigs', 'cutest little piglet', 'free comic', 'none', 'casinos', 'concert', 'ava amphitheater', 'wifi', 'live bands', 'book exchange area', 'community scarf/blanket project', 'beautiful garden', 'hummingbirds', 'songbirds', 'none', 'live music', 'lounge area', 'fishies', 'tank', 'pokestops', 'cemetery', 'pokestop', 'none', 'none', 'none', 'none', 'none', 'none', 'dance floors', 'photo booth', 'penns landing fireworks', 'nice playroom', 'sunbathers', 'gorgeous waves', 'shore', 'kite surfers', 'jet powered surfboard surfers', 'dolphin spotting', 'open air beach view', 'garden', 'art', 'gift shop', 'cute wallet', 'shawl', 'necklace', 'indy 500 photos', 'collectibles', 'plants', 'cute indoor store', 'beautiful pots', 'candles', 'terrariums', 'audiobook', 'none', 'none', 'watercolors', 'local artist', 'river walk', 'on site medium', 'their apothecary area', 'local artists', 'customized carmel sportswear', 'greeting cards', 'anniversary gifts', 'local wildlife', 'moms', 'anarchists', 'hackers', 'organic gardeners', 'activists', 'arizona greyhound rescue event', 'hounds', 'none', 'capoiera/zumba studio', 'outreach program', 'meal sponsorship program', 'none', 'none']"
5,0.32,0.74,0.12,0.73,0.73,0.81,0.82,0.81,0.0,0.0,0.0,None,"['None', 'None', 'None', 'The restaurant has dairy-free options. The vegan pumpkin whoopie pie is so damn good.', 'None', 'None', 'None', 'The restaurant offers virtual golf. Customers can switch it to games like zombie dodgeball.', ""The restaurant has an outdoor patio and tables. There's a long public dock w benches to comfortably sit on to watch the sunset."", 'None', 'The restaurant has a tour of the estate, and the adjacent garden, belonging to the house where Ella Brennan still resides, and which is tended to by a full-time gardener.', 'None', 'None', 'None']","[['The restaurant has a ""parakeet paradise"" outside of the side window.'], ['None'], ['None'], ['Philly Community Acupuncture is on the top floor of the same building as the restaurant.'], ['None'], ['None'], ['None'], ['Customers can play virtual golf. Customers can play games like zombie dodgeball.'], [""The restaurant offers a great spot around dusk because the peacocks come out of the park woods & will walk right up to the outdoor area. Customers can catch the sunset- there's a long public dock w benches to comfortably sit on & watch the blaze of glory.""], [""The restaurant's each table has a guidebook of Italy tourist spots.""], ['The restaurant has an adjacent garden, belonging to the house where Ella Brennan still resides, and which is tended to by a full-time gardener.'], ['None'], ['None'], ['None']]","['life size beer pong', 'pool table', 'arcade games', 'nfl blitz 99', 'madden 15', 'tips', 'hikes', 'activities', 'golf course', 'water', 'boaters', 'dock', 'your pets', 'none', 'their nightclub', 'none', 'none', 'none', 'none', 'none', 'bollywood movies', 'henna tattoo artist', 'fortune teller', 'karaoke venue', 'none', 'table and floor games', 'jenga', 'big connect 4', 'beach volleyball', 'badminton', 'none', 'none', 'none', 'none', 'special event', 'circus', 'carnival', 'baby alligator', 'anaconda', 'fire', 'glass', 'performances', 'live music', 'really good events', 'none', 'none', 'little grocery store', 'lounge area', 'symbolism', 'custom associations', 'lottery tickets/ scratchers', 'none', 'none', 'free wifi', 'coffee grounds', 'none', 'none', 'none', 'none', 'cats', 'entrance fee', 'orange cat', 'adoption', 'stray cat alliance', 'their tour', '10 dollar fresh day tour', 'free tour', 'their museum', 'clydesdales horses', 'dock area', 'paddle cruise', 'free calendar', 'none', 'none', 'none', 'puppet show', 'none', 'bookstore/gift shop', 'derek st. holmes', 'nasty blues', 'none', 'mark the balloon guy', 'stuffed animal/puppets', 'none', 'none', 'good burger car', 'souvenir t-shirts', 'hats,""hi af"" shirt', 'movie good burger', 'none', 'amazing tour de bier', 'history lesson', 'culturally amazing german experience', 'none', 'events', 'hypnosis show', 'drag show', 'karaoke night', 'quizo', 'entertainment', 'professional babysitting service', 'different size diapers', 'none', 'none', 'none', 'ponchos', 'mini trampoline', 'best sounding band', 'none', 'none', 'free wifi', 'ping pong', 'shuffleboard', 'music venue', 'none', 'trivia night', 'fireworks', 'none', 'video', 'none', 'none', 'great therapeutic sketching', 'none', 'none', 'balloon puppets', 'animals', 'water', 'manatee', 'none', 'paper studio', 'journals', 'gift tags', 'their candles', 'lip balms', 'local charity', 'none', 'parklands', 'goose creek park', 'playground', 'none', 'polaroid', 'none', 'none', 'none', 'board games', 'trivia pursuit', 'small concerts', 'none', 'none', 'none', 'canoeing', 'kayaking', 'sunny fish', 'deck', 'none', 'yoga', 'henna artist', 'none', 'used books', 'basics of mechanical engineering', 'a guide on planetary leadership', 'internet', 'none', 'gators', 'airboat ride', 'none', 'none', 'scratch off lottery machine', 'keno', 'computer nascar style racing', 'computer football', ""their 'petting zoo'"", 'rooster', 'goat', 'pigs', 'cutest little piglet', 'free comic', 'none', 'casinos', 'concert', 'ava amphitheater', 'wifi', 'live bands', 'book exchange area', 'community scarf/blanket project', 'beautiful garden', 'hummingbirds', 'songbirds', 'none', 'live music', 'lounge area', 'fishies', 'tank', 'pokestops', 'cemetery', 'pokestop', 'none', 'none', 'none', 'none', 'none', 'none', 'dance floors', 'photo booth', 'penns landing fireworks', 'nice playroom', 'sunbathers', 'gorgeous waves', 'shore', 'kite surfers', 'jet powered surfboard surfers', 'dolphin spotting', 'open air beach view', 'garden', 'art', 'gift shop', 'cute wallet', 'shawl', 'necklace', 'indy 500 photos', 'collectibles', 'plants', 'cute indoor store', 'beautiful pots', 'candles', 'terrariums', 'audiobook', 'none', 'none', 'watercolors', 'local artist', 'river walk', 'on site medium', 'their apothecary area', 'local artists', 'customized carmel sportswear', 'greeting cards', 'anniversary gifts', 'local wildlife', 'moms', 'anarchists', 'hackers', 'organic gardeners', 'activists', 'arizona greyhound rescue event', 'hounds', 'none', 'capoiera/zumba studio', 'outreach program', 'meal sponsorship program', 'none', 'none']"
6,0.13,0.54,0.08,0.55,0.54,0.66,0.69,0.67,0.0,0.0,0.0,None,"['The restaurant has a mini trampoline that was perfect for an energetic child.', 'None', ""The restaurant has TV's all throughout the restaurant."", 'None', 'The restaurant has multiple levels and it triples as a restaurant, bar, music venue.', 'None', 'None', 'None', 'None', 'None', 'None', 'The restaurant has great therapeutic sketching at every table, and if good your sketch will be on the wall.', 'The restaurant has a strictly enforced footwear policy at Kayne (males only).', 'None']","[['The restaurant has a mini trampoline.'], ['One day the restaurant had the best sounding band on Broadway.'], ['None'], ['None'], ['The restaurant provides free wifi. Customers can go upstairs to play ping pong or shuffleboard. It has a music venue with balcony seating.'], ['None'], ['The restaurant has trivia nights. They offer a perfect vantage point of the 4th of July fireworks.'], ['None'], [""If you're unsure how to eat or order at the restaurant, there is a video to tutor you how to.""], ['None'], ['None'], ['The restaurant has therapeutic sketching at every table.'], ['None'], ['None']]","['life size beer pong', 'pool table', 'arcade games', 'nfl blitz 99', 'madden 15', 'tips', 'hikes', 'activities', 'golf course', 'water', 'boaters', 'dock', 'your pets', 'none', 'their nightclub', 'none', 'none', 'none', 'none', 'none', 'bollywood movies', 'henna tattoo artist', 'fortune teller', 'karaoke venue', 'none', 'table and floor games', 'jenga', 'big connect 4', 'beach volleyball', 'badminton', 'none', 'none', 'none', 'none', 'special event', 'circus', 'carnival', 'baby alligator', 'anaconda', 'fire', 'glass', 'performances', 'live music', 'really good events', 'none', 'none', 'little grocery store', 'lounge area', 'symbolism', 'custom associations', 'lottery tickets/ scratchers', 'none', 'none', 'free wifi', 'coffee grounds', 'none', 'none', 'none', 'none', 'cats', 'entrance fee', 'orange cat', 'adoption', 'stray cat alliance', 'their tour', '10 dollar fresh day tour', 'free tour', 'their museum', 'clydesdales horses', 'dock area', 'paddle cruise', 'free calendar', 'none', 'none', 'none', 'puppet show', 'none', 'bookstore/gift shop', 'derek st. holmes', 'nasty blues', 'none', 'mark the balloon guy', 'stuffed animal/puppets', 'none', 'none', 'good burger car', 'souvenir t-shirts', 'hats,""hi af"" shirt', 'movie good burger', 'none', 'amazing tour de bier', 'history lesson', 'culturally amazing german experience', 'none', 'events', 'hypnosis show', 'drag show', 'karaoke night', 'quizo', 'entertainment', 'professional babysitting service', 'different size diapers', 'none', 'none', 'none', 'ponchos', 'parakeet paradise', 'none', 'none', 'philly community acupuncture', 'none', 'none', 'none', 'virtual golf', 'games', 'zombie dodgeball', 'peacocks', 'park woods', 'sunset', 'long public dock', 'guidebook', 'tour', 'estate', 'tour', 'red wine collection', 'cellar room', 'their extensive collection', 'adjacent garden', 'none', 'none', 'none', 'balloon puppets', 'animals', 'water', 'manatee', 'none', 'paper studio', 'journals', 'gift tags', 'their candles', 'lip balms', 'local charity', 'none', 'parklands', 'goose creek park', 'playground', 'none', 'polaroid', 'none', 'none', 'none', 'board games', 'trivia pursuit', 'small concerts', 'none', 'none', 'none', 'canoeing', 'kayaking', 'sunny fish', 'deck', 'none', 'yoga', 'henna artist', 'none', 'used books', 'basics of mechanical engineering', 'a guide on planetary leadership', 'internet', 'none', 'gators', 'airboat ride', 'none', 'none', 'scratch off lottery machine', 'keno', 'computer nascar style racing', 'computer football', ""their 'petting zoo'"", 'rooster', 'goat', 'pigs', 'cutest little piglet', 'free comic', 'none', 'casinos', 'concert', 'ava amphitheater', 'wifi', 'live bands', 'book exchange area', 'community scarf/blanket project', 'beautiful garden', 'hummingbirds', 'songbirds', 'none', 'live music', 'lounge area', 'fishies', 'tank', 'pokestops', 'cemetery', 'pokestop', 'none', 'none', 'none', 'none', 'none', 'none', 'dance floors', 'photo booth', 'penns landing fireworks', 'nice playroom', 'sunbathers', 'gorgeous waves', 'shore', 'kite surfers', 'jet powered surfboard surfers', 'dolphin spotting', 'open air beach view', 'garden', 'art', 'gift shop', 'cute wallet', 'shawl', 'necklace', 'indy 500 photos', 'collectibles', 'plants', 'cute indoor store', 'beautiful pots', 'candles', 'terrariums', 'audiobook', 'none', 'none', 'watercolors', 'local artist', 'river walk', 'on site medium', 'their apothecary area', 'local artists', 'customized carmel sportswear', 'greeting cards', 'anniversary gifts', 'local wildlife', 'moms', 'anarchists', 'hackers', 'organic gardeners', 'activists', 'arizona greyhound rescue event', 'hounds', 'none', 'capoiera/zumba studio', 'outreach program', 'meal sponsorship program', 'none', 'none']"
7,0.32,0.66,0.15,0.66,0.66,0.75,0.74,0.74,0.0,0.0,0.0,None,"['None', 'None', 'None', 'The restaurant has a paper studio where the women of the program are making journals and gift tags, etc. They sell their candles, lip balms, etc.', 'None', 'None', 'None', ""The restaurant has a friendly atmosphere. If you're there for a special occasion, they'll take a polaroid and add it to their wall."", 'None', 'None', 'None', 'The restaurant has a stage area for small concerts.', 'The restaurant is located in Ybor City.', 'None']","[['One evening the restaurant had a woman making balloon puppets and animals.'], ['Customers can sit along the water where they can see manatees.'], ['None'], ['A paper studio where the women of the program are making journals and gift tags, etc. is right there at the restaurant. They sell their candles, lip balms, etc. Customers can support a local charity.'], ['None'], [""The restaurant has an outside deck with a view of the parklands. Customers can go for a walk in the Goose Creek Park behind the restaurant. There's a playground in the adjoining park.""], ['None'], [""If you're there for a special occasion, they'll take a polaroid and add it to their wall.""], ['None'], ['None'], ['None'], ['The restaurant has board games to play. It has trivia Pursuit. The restaurant also have a stage area for small concerts.'], ['None'], ['None']]","['life size beer pong', 'pool table', 'arcade games', 'nfl blitz 99', 'madden 15', 'tips', 'hikes', 'activities', 'golf course', 'water', 'boaters', 'dock', 'your pets', 'none', 'their nightclub', 'none', 'none', 'none', 'none', 'none', 'bollywood movies', 'henna tattoo artist', 'fortune teller', 'karaoke venue', 'none', 'table and floor games', 'jenga', 'big connect 4', 'beach volleyball', 'badminton', 'none', 'none', 'none', 'none', 'special event', 'circus', 'carnival', 'baby alligator', 'anaconda', 'fire', 'glass', 'performances', 'live music', 'really good events', 'none', 'none', 'little grocery store', 'lounge area', 'symbolism', 'custom associations', 'lottery tickets/ scratchers', 'none', 'none', 'free wifi', 'coffee grounds', 'none', 'none', 'none', 'none', 'cats', 'entrance fee', 'orange cat', 'adoption', 'stray cat alliance', 'their tour', '10 dollar fresh day tour', 'free tour', 'their museum', 'clydesdales horses', 'dock area', 'paddle cruise', 'free calendar', 'none', 'none', 'none', 'puppet show', 'none', 'bookstore/gift shop', 'derek st. holmes', 'nasty blues', 'none', 'mark the balloon guy', 'stuffed animal/puppets', 'none', 'none', 'good burger car', 'souvenir t-shirts', 'hats,""hi af"" shirt', 'movie good burger', 'none', 'amazing tour de bier', 'history lesson', 'culturally amazing german experience', 'none', 'events', 'hypnosis show', 'drag show', 'karaoke night', 'quizo', 'entertainment', 'professional babysitting service', 'different size diapers', 'none', 'none', 'none', 'ponchos', 'parakeet paradise', 'none', 'none', 'philly community acupuncture', 'none', 'none', 'none', 'virtual golf', 'games', 'zombie dodgeball', 'peacocks', 'park woods', 'sunset', 'long public dock', 'guidebook', 'tour', 'estate', 'tour', 'red wine collection', 'cellar room', 'their extensive collection', 'adjacent garden', 'none', 'none', 'none', 'mini trampoline', 'best sounding band', 'none', 'none', 'free wifi', 'ping pong', 'shuffleboard', 'music venue', 'none', 'trivia night', 'fireworks', 'none', 'video', 'none', 'none', 'great therapeutic sketching', 'none', 'none', 'none', 'canoeing', 'kayaking', 'sunny fish', 'deck', 'none', 'yoga', 'henna artist', 'none', 'used books', 'basics of mechanical engineering', 'a guide on planetary leadership', 'internet', 'none', 'gators', 'airboat ride', 'none', 'none', 'scratch off lottery machine', 'keno', 'computer nascar style racing', 'computer football', ""their 'petting zoo'"", 'rooster', 'goat', 'pigs', 'cutest little piglet', 'free comic', 'none', 'casinos', 'concert', 'ava amphitheater', 'wifi', 'live bands', 'book exchange area', 'community scarf/blanket project', 'beautiful garden', 'hummingbirds', 'songbirds', 'none', 'live music', 'lounge area', 'fishies', 'tank', 'pokestops', 'cemetery', 'pokestop', 'none', 'none', 'none', 'none', 'none', 'none', 'dance floors', 'photo booth', 'penns landing fireworks', 'nice playroom', 'sunbathers', 'gorgeous waves', 'shore', 'kite surfers', 'jet powered surfboard surfers', 'dolphin spotting', 'open air beach view', 'garden', 'art', 'gift shop', 'cute wallet', 'shawl', 'necklace', 'indy 500 photos', 'collectibles', 'plants', 'cute indoor store', 'beautiful pots', 'candles', 'terrariums', 'audiobook', 'none', 'none', 'watercolors', 'local artist', 'river walk', 'on site medium', 'their apothecary area', 'local artists', 'customized carmel sportswear', 'greeting cards', 'anniversary gifts', 'local wildlife', 'moms', 'anarchists', 'hackers', 'organic gardeners', 'activists', 'arizona greyhound rescue event', 'hounds', 'none', 'capoiera/zumba studio', 'outreach program', 'meal sponsorship program', 'none', 'none']"
8,0.24,0.42,0.13,0.42,0.42,0.59,0.55,0.57,0.0,0.0,0.0,None,"['The restaurant is way out in the suburbs of South Reno. There is plenty of parking.', 'None', 'None', 'The restaurant has a henna artist doing tattoos.', 'None', 'The restaurant features an array of used books that range from ""Basics of Mechanical Engineering"" to ""A Guide on Planetary Leadership.""', 'The restaurant has a long line.', 'The restaurant has a great view of gators in a pond/bayou partition.', 'None', 'The restaurant is in Horsham on business.', 'None', 'None', 'None', 'None']","[['None'], ['The restaurant offers canoeing and kayaking. Customers can feed the sunny fish off the deck.'], ['None'], ['Cider and yoga was happening the day a customer was there at the restaurant. There was a henna artist doing tattoos one night.'], ['None'], ['The restaurant features an array of used books that range from ""Basics of Mechanical Engineering"" to ""A Guide on Planetary Leadership."" They have so-so internet.'], ['None'], ['The restaurant offers a great view of gators in a pond/bayou partition. Customers can catch an airboat ride down the road.'], ['None'], ['None'], ['Customers can bet 4 ways; scratch off lottery machine, keno, computer nascar style racing and computer football.'], [""Customers are encouraged to visit the restaurant's 'petting zoo' in the back. They have a rooster, a goat, several pigs and the cutest little piglet.""], ['The restaurant gave a kid a free comic.'], ['None']]","['life size beer pong', 'pool table', 'arcade games', 'nfl blitz 99', 'madden 15', 'tips', 'hikes', 'activities', 'golf course', 'water', 'boaters', 'dock', 'your pets', 'none', 'their nightclub', 'none', 'none', 'none', 'none', 'none', 'bollywood movies', 'henna tattoo artist', 'fortune teller', 'karaoke venue', 'none', 'table and floor games', 'jenga', 'big connect 4', 'beach volleyball', 'badminton', 'none', 'none', 'none', 'none', 'special event', 'circus', 'carnival', 'baby alligator', 'anaconda', 'fire', 'glass', 'performances', 'live music', 'really good events', 'none', 'none', 'little grocery store', 'lounge area', 'symbolism', 'custom associations', 'lottery tickets/ scratchers', 'none', 'none', 'free wifi', 'coffee grounds', 'none', 'none', 'none', 'none', 'cats', 'entrance fee', 'orange cat', 'adoption', 'stray cat alliance', 'their tour', '10 dollar fresh day tour', 'free tour', 'their museum', 'clydesdales horses', 'dock area', 'paddle cruise', 'free calendar', 'none', 'none', 'none', 'puppet show', 'none', 'bookstore/gift shop', 'derek st. holmes', 'nasty blues', 'none', 'mark the balloon guy', 'stuffed animal/puppets', 'none', 'none', 'good burger car', 'souvenir t-shirts', 'hats,""hi af"" shirt', 'movie good burger', 'none', 'amazing tour de bier', 'history lesson', 'culturally amazing german experience', 'none', 'events', 'hypnosis show', 'drag show', 'karaoke night', 'quizo', 'entertainment', 'professional babysitting service', 'different size diapers', 'none', 'none', 'none', 'ponchos', 'parakeet paradise', 'none', 'none', 'philly community acupuncture', 'none', 'none', 'none', 'virtual golf', 'games', 'zombie dodgeball', 'peacocks', 'park woods', 'sunset', 'long public dock', 'guidebook', 'tour', 'estate', 'tour', 'red wine collection', 'cellar room', 'their extensive collection', 'adjacent garden', 'none', 'none', 'none', 'mini trampoline', 'best sounding band', 'none', 'none', 'free wifi', 'ping pong', 'shuffleboard', 'music venue', 'none', 'trivia night', 'fireworks', 'none', 'video', 'none', 'none', 'great therapeutic sketching', 'none', 'none', 'balloon puppets', 'animals', 'water', 'manatee', 'none', 'paper studio', 'journals', 'gift tags', 'their candles', 'lip balms', 'local charity', 'none', 'parklands', 'goose creek park', 'playground', 'none', 'polaroid', 'none', 'none', 'none', 'board games', 'trivia pursuit', 'small concerts', 'none', 'none', 'casinos', 'concert', 'ava amphitheater', 'wifi', 'live bands', 'book exchange area', 'community scarf/blanket project', 'beautiful garden', 'hummingbirds', 'songbirds', 'none', 'live music', 'lounge area', 'fishies', 'tank', 'pokestops', 'cemetery', 'pokestop', 'none', 'none', 'none', 'none', 'none', 'none', 'dance floors', 'photo booth', 'penns landing fireworks', 'nice playroom', 'sunbathers', 'gorgeous waves', 'shore', 'kite surfers', 'jet powered surfboard surfers', 'dolphin spotting', 'open air beach view', 'garden', 'art', 'gift shop', 'cute wallet', 'shawl', 'necklace', 'indy 500 photos', 'collectibles', 'plants', 'cute indoor store', 'beautiful pots', 'candles', 'terrariums', 'audiobook', 'none', 'none', 'watercolors', 'local artist', 'river walk', 'on site medium', 'their apothecary area', 'local artists', 'customized carmel sportswear', 'greeting cards', 'anniversary gifts', 'local wildlife', 'moms', 'anarchists', 'hackers', 'organic gardeners', 'activists', 'arizona greyhound rescue event', 'hounds', 'none', 'capoiera/zumba studio', 'outreach program', 'meal sponsorship program', 'none', 'none']"
9,0.58,0.86,0.3,0.85,0.85,0.9,0.88,0.89,0.0,0.0,0.0,None,"['The restaurant has an international buffet. Customers can see a concert at the AVA amphitheater.', 'The restaurant has a book exchange area, and also a community scarf/blanket project where you can pick up where some left off on their knitting and then leave it for the next customer.', 'The restaurant has a beautiful garden with hummingbirds and songbirds alike.', 'None', 'The restaurant has a live music and lounge area with sofas. Kids can snorkel in the tank.', ""The restaurant is right across from a cemetery. It's also a pokestop by itself."", 'None', 'None', 'None', 'None', 'None', 'None', 'The restaurant had two dance floors, a photo booth, and a great view of the Penns Landing fireworks.', 'None']","[['The restaurant is a casino. Customers can see a concert at the AVA amphitheater.'], ['Live bands play at the restaurant. They have free Wifi. They have a book exchange area, and also a community scarf/blanket project where you can pick up where some left off on their knitting and then leave it for the next person.'], ['The view from inside the restaurant, facing west, has a beautiful garden with hummingbirds and songbirds alike.'], ['None'], ['The restaurant has live music and lounge area with sofas. Kids can snorkel in the fish tank.'], [""There are a ton of pokestops around the restaurant since it's right across from the cemetery. It is a pokestop by itself.""], ['None'], ['None'], ['None'], ['None'], ['None'], ['None'], ['For New Year the restaurant had two dance floors, a photo booth, and a great view of the Penns Landing fireworks.'], ['The restaurant has a nice playroom for the kids.']]","['life size beer pong', 'pool table', 'arcade games', 'nfl blitz 99', 'madden 15', 'tips', 'hikes', 'activities', 'golf course', 'water', 'boaters', 'dock', 'your pets', 'none', 'their nightclub', 'none', 'none', 'none', 'none', 'none', 'bollywood movies', 'henna tattoo artist', 'fortune teller', 'karaoke venue', 'none', 'table and floor games', 'jenga', 'big connect 4', 'beach volleyball', 'badminton', 'none', 'none', 'none', 'none', 'special event', 'circus', 'carnival', 'baby alligator', 'anaconda', 'fire', 'glass', 'performances', 'live music', 'really good events', 'none', 'none', 'little grocery store', 'lounge area', 'symbolism', 'custom associations', 'lottery tickets/ scratchers', 'none', 'none', 'free wifi', 'coffee grounds', 'none', 'none', 'none', 'none', 'cats', 'entrance fee', 'orange cat', 'adoption', 'stray cat alliance', 'their tour', '10 dollar fresh day tour', 'free tour', 'their museum', 'clydesdales horses', 'dock area', 'paddle cruise', 'free calendar', 'none', 'none', 'none', 'puppet show', 'none', 'bookstore/gift shop', 'derek st. holmes', 'nasty blues', 'none', 'mark the balloon guy', 'stuffed animal/puppets', 'none', 'none', 'good burger car', 'souvenir t-shirts', 'hats,""hi af"" shirt', 'movie good burger', 'none', 'amazing tour de bier', 'history lesson', 'culturally amazing german experience', 'none', 'events', 'hypnosis show', 'drag show', 'karaoke night', 'quizo', 'entertainment', 'professional babysitting service', 'different size diapers', 'none', 'none', 'none', 'ponchos', 'parakeet paradise', 'none', 'none', 'philly community acupuncture', 'none', 'none', 'none', 'virtual golf', 'games', 'zombie dodgeball', 'peacocks', 'park woods', 'sunset', 'long public dock', 'guidebook', 'tour', 'estate', 'tour', 'red wine collection', 'cellar room', 'their extensive collection', 'adjacent garden', 'none', 'none', 'none', 'mini trampoline', 'best sounding band', 'none', 'none', 'free wifi', 'ping pong', 'shuffleboard', 'music venue', 'none', 'trivia night', 'fireworks', 'none', 'video', 'none', 'none', 'great therapeutic sketching', 'none', 'none', 'balloon puppets', 'animals', 'water', 'manatee', 'none', 'paper studio', 'journals', 'gift tags', 'their candles', 'lip balms', 'local charity', 'none', 'parklands', 'goose creek park', 'playground', 'none', 'polaroid', 'none', 'none', 'none', 'board games', 'trivia pursuit', 'small concerts', 'none', 'none', 'none', 'canoeing', 'kayaking', 'sunny fish', 'deck', 'none', 'yoga', 'henna artist', 'none', 'used books', 'basics of mechanical engineering', 'a guide on planetary leadership', 'internet', 'none', 'gators', 'airboat ride', 'none', 'none', 'scratch off lottery machine', 'keno', 'computer nascar style racing', 'computer football', ""their 'petting zoo'"", 'rooster', 'goat', 'pigs', 'cutest little piglet', 'free comic', 'none', 'sunbathers', 'gorgeous waves', 'shore', 'kite surfers', 'jet powered surfboard surfers', 'dolphin spotting', 'open air beach view', 'garden', 'art', 'gift shop', 'cute wallet', 'shawl', 'necklace', 'indy 500 photos', 'collectibles', 'plants', 'cute indoor store', 'beautiful pots', 'candles', 'terrariums', 'audiobook', 'none', 'none', 'watercolors', 'local artist', 'river walk', 'on site medium', 'their apothecary area', 'local artists', 'customized carmel sportswear', 'greeting cards', 'anniversary gifts', 'local wildlife', 'moms', 'anarchists', 'hackers', 'organic gardeners', 'activists', 'arizona greyhound rescue event', 'hounds', 'none', 'capoiera/zumba studio', 'outreach program', 'meal sponsorship program', 'none', 'none']"
10,0.18,0.43,0.22,0.43,0.42,0.64,0.59,0.61,0.0,0.0,0.0,None,"['None', 'The restaurant has a gift shop.', 'None', 'The restaurant has a huge area of plants for sale, and a cute indoor store with beautiful pots, candles, terrariums, etc.', 'None', 'None', 'The restaurant has an outdoor patio.', 'The restaurant has a large selection of sweets and gelato in addition to beverages. They have a candy machine by the counter.', 'The restaurant has a view of the river walk.', 'The restaurant has an on site medium to contact your ancestors and read your cards to awaken your spirituality.', 'The restaurant has several spacious seating areas spread throughout the cafe, as well as outdoor seating. Customers can pick up some customized Carmel sportswear and greeting cards for birthdays or anniversary gifts.', 'None', 'The restaurant was hosting an Arizona Greyhound Rescue event outside.', 'None']","[['One day sunbathers were laying out on the sand in front of the restaurant and beyond them was the gorgeous waves crashing on the shore. Custumers watched kite surfers and jet powered surfboard surfers cruise the water on a windy day. Customers can spot dolphins there. They have an open air beach view.'], ['Customers can walk a long hallway in the building leading to a garden, and take in the numerous pieces of art lining the walls. The restaurant has a gift shop where a customer purchased a cute wallet, a shawl and a necklace.'], ['There are many Indy 500 photos and collectibles inside the restaurant.'], ['Behind the restaurant is a huge area of plants for sale and a cute indoor store with beautiful pots, candles, terrariums, etc.'], ['The restaurant has an audiobook teaching Italian in the bathroom.'], ['None'], ['None'], ['There were watercolors of the Philly area, done by a local artist, on the walls. The paintings were for sale.'], ['The restaurant offers a view of a river walk.'], ['The restaurant has an on site medium to contact your ancestors and read your cards to awaken your spirituality. They have an apothecary area where they assemble their medicinal teas and perform their spiritual readings.'], ['The restaurant is visited by local artists. Customers can pick up customized Carmel sportswear and greeting cards for birthdays or anniversary gifts.'], ['You can see local wildlife at the restaurant. Everyone from moms to anarchists to hackers to organic gardeners to activists hangs out there.'], ['One day the restaurant hosted an Arizona Greyhound Rescue event. A customer petted the hounds and talked with the rescue folks.'], ['None']]","['life size beer pong', 'pool table', 'arcade games', 'nfl blitz 99', 'madden 15', 'tips', 'hikes', 'activities', 'golf course', 'water', 'boaters', 'dock', 'your pets', 'none', 'their nightclub', 'none', 'none', 'none', 'none', 'none', 'bollywood movies', 'henna tattoo artist', 'fortune teller', 'karaoke venue', 'none', 'table and floor games', 'jenga', 'big connect 4', 'beach volleyball', 'badminton', 'none', 'none', 'none', 'none', 'special event', 'circus', 'carnival', 'baby alligator', 'anaconda', 'fire', 'glass', 'performances', 'live music', 'really good events', 'none', 'none', 'little grocery store', 'lounge area', 'symbolism', 'custom associations', 'lottery tickets/ scratchers', 'none', 'none', 'free wifi', 'coffee grounds', 'none', 'none', 'none', 'none', 'cats', 'entrance fee', 'orange cat', 'adoption', 'stray cat alliance', 'their tour', '10 dollar fresh day tour', 'free tour', 'their museum', 'clydesdales horses', 'dock area', 'paddle cruise', 'free calendar', 'none', 'none', 'none', 'puppet show', 'none', 'bookstore/gift shop', 'derek st. holmes', 'nasty blues', 'none', 'mark the balloon guy', 'stuffed animal/puppets', 'none', 'none', 'good burger car', 'souvenir t-shirts', 'hats,""hi af"" shirt', 'movie good burger', 'none', 'amazing tour de bier', 'history lesson', 'culturally amazing german experience', 'none', 'events', 'hypnosis show', 'drag show', 'karaoke night', 'quizo', 'entertainment', 'professional babysitting service', 'different size diapers', 'none', 'none', 'none', 'ponchos', 'parakeet paradise', 'none', 'none', 'philly community acupuncture', 'none', 'none', 'none', 'virtual golf', 'games', 'zombie dodgeball', 'peacocks', 'park woods', 'sunset', 'long public dock', 'guidebook', 'tour', 'estate', 'tour', 'red wine collection', 'cellar room', 'their extensive collection', 'adjacent garden', 'none', 'none', 'none', 'mini trampoline', 'best sounding band', 'none', 'none', 'free wifi', 'ping pong', 'shuffleboard', 'music venue', 'none', 'trivia night', 'fireworks', 'none', 'video', 'none', 'none', 'great therapeutic sketching', 'none', 'none', 'balloon puppets', 'animals', 'water', 'manatee', 'none', 'paper studio', 'journals', 'gift tags', 'their candles', 'lip balms', 'local charity', 'none', 'parklands', 'goose creek park', 'playground', 'none', 'polaroid', 'none', 'none', 'none', 'board games', 'trivia pursuit', 'small concerts', 'none', 'none', 'none', 'canoeing', 'kayaking', 'sunny fish', 'deck', 'none', 'yoga', 'henna artist', 'none', 'used books', 'basics of mechanical engineering', 'a guide on planetary leadership', 'internet', 'none', 'gators', 'airboat ride', 'none', 'none', 'scratch off lottery machine', 'keno', 'computer nascar style racing', 'computer football', ""their 'petting zoo'"", 'rooster', 'goat', 'pigs', 'cutest little piglet', 'free comic', 'none', 'casinos', 'concert', 'ava amphitheater', 'wifi', 'live bands', 'book exchange area', 'community scarf/blanket project', 'beautiful garden', 'hummingbirds', 'songbirds', 'none', 'live music', 'lounge area', 'fishies', 'tank', 'pokestops', 'cemetery', 'pokestop', 'none', 'none', 'none', 'none', 'none', 'none', 'dance floors', 'photo booth', 'penns landing fireworks', 'nice playroom', 'capoiera/zumba studio', 'outreach program', 'meal sponsorship program', 'none', 'none']"
11,0.93,0.99,0.48,0.99,0.99,0.99,0.99,0.99,0.0,0.0,0.0,None,"['The restaurant has a capoiera/zumba studio in the back.', 'The restaurant has an outreach program to help at-risk youth by providing training, etc. They also have a meal sponsorship program to support students.', 'None', 'None']","[['The restaurant has a capoiera/zumba studio in the back.'], ['The restaurant has an outreach program to help at-risk youth by providing training, etc. They have a meal sponsorship program to support students.'], ['None'], ['None']]","['life size beer pong', 'pool table', 'arcade games', 'nfl blitz 99', 'madden 15', 'tips', 'hikes', 'activities', 'golf course', 'water', 'boaters', 'dock', 'your pets', 'none', 'their nightclub', 'none', 'none', 'none', 'none', 'none', 'bollywood movies', 'henna tattoo artist', 'fortune teller', 'karaoke venue', 'none', 'table and floor games', 'jenga', 'big connect 4', 'beach volleyball', 'badminton', 'none', 'none', 'none', 'none', 'special event', 'circus', 'carnival', 'baby alligator', 'anaconda', 'fire', 'glass', 'performances', 'live music', 'really good events', 'none', 'none', 'little grocery store', 'lounge area', 'symbolism', 'custom associations', 'lottery tickets/ scratchers', 'none', 'none', 'free wifi', 'coffee grounds', 'none', 'none', 'none', 'none', 'cats', 'entrance fee', 'orange cat', 'adoption', 'stray cat alliance', 'their tour', '10 dollar fresh day tour', 'free tour', 'their museum', 'clydesdales horses', 'dock area', 'paddle cruise', 'free calendar', 'none', 'none', 'none', 'puppet show', 'none', 'bookstore/gift shop', 'derek st. holmes', 'nasty blues', 'none', 'mark the balloon guy', 'stuffed animal/puppets', 'none', 'none', 'good burger car', 'souvenir t-shirts', 'hats,""hi af"" shirt', 'movie good burger', 'none', 'amazing tour de bier', 'history lesson', 'culturally amazing german experience', 'none', 'events', 'hypnosis show', 'drag show', 'karaoke night', 'quizo', 'entertainment', 'professional babysitting service', 'different size diapers', 'none', 'none', 'none', 'ponchos', 'parakeet paradise', 'none', 'none', 'philly community acupuncture', 'none', 'none', 'none', 'virtual golf', 'games', 'zombie dodgeball', 'peacocks', 'park woods', 'sunset', 'long public dock', 'guidebook', 'tour', 'estate', 'tour', 'red wine collection', 'cellar room', 'their extensive collection', 'adjacent garden', 'none', 'none', 'none', 'mini trampoline', 'best sounding band', 'none', 'none', 'free wifi', 'ping pong', 'shuffleboard', 'music venue', 'none', 'trivia night', 'fireworks', 'none', 'video', 'none', 'none', 'great therapeutic sketching', 'none', 'none', 'balloon puppets', 'animals', 'water', 'manatee', 'none', 'paper studio', 'journals', 'gift tags', 'their candles', 'lip balms', 'local charity', 'none', 'parklands', 'goose creek park', 'playground', 'none', 'polaroid', 'none', 'none', 'none', 'board games', 'trivia pursuit', 'small concerts', 'none', 'none', 'none', 'canoeing', 'kayaking', 'sunny fish', 'deck', 'none', 'yoga', 'henna artist', 'none', 'used books', 'basics of mechanical engineering', 'a guide on planetary leadership', 'internet', 'none', 'gators', 'airboat ride', 'none', 'none', 'scratch off lottery machine', 'keno', 'computer nascar style racing', 'computer football', ""their 'petting zoo'"", 'rooster', 'goat', 'pigs', 'cutest little piglet', 'free comic', 'none', 'casinos', 'concert', 'ava amphitheater', 'wifi', 'live bands', 'book exchange area', 'community scarf/blanket project', 'beautiful garden', 'hummingbirds', 'songbirds', 'none', 'live music', 'lounge area', 'fishies', 'tank', 'pokestops', 'cemetery', 'pokestop', 'none', 'none', 'none', 'none', 'none', 'none', 'dance floors', 'photo booth', 'penns landing fireworks', 'nice playroom', 'sunbathers', 'gorgeous waves', 'shore', 'kite surfers', 'jet powered surfboard surfers', 'dolphin spotting', 'open air beach view', 'garden', 'art', 'gift shop', 'cute wallet', 'shawl', 'necklace', 'indy 500 photos', 'collectibles', 'plants', 'cute indoor store', 'beautiful pots', 'candles', 'terrariums', 'audiobook', 'none', 'none', 'watercolors', 'local artist', 'river walk', 'on site medium', 'their apothecary area', 'local artists', 'customized carmel sportswear', 'greeting cards', 'anniversary gifts', 'local wildlife', 'moms', 'anarchists', 'hackers', 'organic gardeners', 'activists', 'arizona greyhound rescue event', 'hounds', 'none']"
